Kit Number	Haplogroup	a	b	c	d	e	f	g	h	i	j	k	l	m	n
Béla	???	13	25	16	11	10	13	11	20	15	14	20	12	16	11
Nagykőrös honfoglaló	???	13	25	16	11	10	13	11	18	15	14	20	11	16	11
Khazar Kuteiniki II 2/1	???	14	25	16	11	10	13	11	20	15	14	20	11	15	11
Khazar Talov II 2/1	???	13	25	16	11	10	13	11	19	16	14	20	13	15	11
M11496	M780	13	25	17	11	10	13	11	17	14	14	20	11	16	11
M7419	M780	13	24	17	11	10	13	11	17	14	14	20	11	16	11
326263	M780	13	25	17	11	10	13	11	17	14	14	20	11	16	11
408528	M780	13	24	16	10	11	13	11	17	17	14	20	10	15	11
301920	M780	13	24	17	10	11	13	11	18	17	14	20	10	15	11
234418	M780	13	25	15	10	10	14	11	18	16	14	20	12	15	11
M7176	M780	13	25	15	10	10	14	11	18	16	14	20	12	15	11
335663	M780	13	25	15	10	10	14	11	18	16	14	20	12	16	11
M8899	M780	13	25	15	10	9	14	11	19	17	14	20	10	15	11
210881	M780	13	25	15	10	10	14	13	18	16	15	20	12	17	9
N6841	M780	13	24	15	11	10	14	11	17	16	14	20	12	15	9
234043	M780	13	25	15	11	10	14	11	17	16	14	20	12	14	9
M7670	M780	13	25	15	11	10	14	11	18	15	14	19	11	15	9
N22414	M780	13	25	15	11	10	14	11	18	16	14	20	12	15	9
U2321	M780	13	25	15	11	10	15	11	18	16	14	20	12	15	9
429042	M780	13	25	15	10	10	13	11	17	16	14	20	12	15	11
448242	M780	13	25	15	10	10	13	11	18	16	14	20	12	15	11
M7417	M780	13	25	15	10	10	14	11	17	17	14	20	10	16	11
M8088	M780	13	26	15	10	10	14	11	18	17	14	21	12	15	11
190263	M780	13	23	15	10	10	14	11	17	16	14	20	11	15	11
284205	M780	13	24	15	10	10	13	11	18	16	14	20	10	15	11
216619	M780	13	24	15	10	10	13	11	18	16	14	20	10	15	11
N12617	M780	13	25	17	10	12	14	11	17	17	14	20	11	15	11
ML1031	M780	13	25	13	11	10	14	11	15	15	14	20	11	15	11
M11025	M780	13	26	17	10	11	13	11	17	17	14	20	12	15	11
271003	M780	13	25	16	10	10	13	10	18	15	14	20	12	16	11
392622	M780	13	25	15	11	10	13	11	17	16	14	20	12	15	11
M7443	M780	13	25	16	11	11	14	11	18	16	14	20	13	15	11
243297	M780	13	25	16	11	10	14	11	18	17	14	20	12	15	11
329181	M780	13	24	16	10	10	12	11	17	16	14	20	12	16	11
234103	M780	13	24	15	11	11	13	11	18	16	14	20	12	15	11
M6584	M780	13	24	15	11	10	13	11	18	15	14	20	12	15	11
M9141	M780	13	24	15	11	11	13	11	17	16	14	20	12	15	11
M9185	M780	13	24	15	11	11	13	11	17	16	14	20	12	15	11
M9101	M780	13	24	15	11	11	13	11	17	16	14	20	12	15	11
M9183	M780	13	24	15	12	11	13	11	17	16	14	20	12	15	11
M8712	M780	13	24	16	11	10	13	11	18	16	14	20	12	15	11
300823	M780	13	24	16	11	10	13	11	18	16	14	20	12	15	11
M6736	M780	13	24	16	11	10	13	11	19	16	14	20	12	16	11
M6303	M780	13	24	15	11	10	13	11	17	16	14	20	11	15	11
M6308	M780	13	24	15	11	10	13	11	18	16	14	20	11	15	11
M11616	M780	13	25	15	10	10	13	11	18	16	14	20	12	15	11
M10084	M780	13	25	16	10	10	13	11	18	15	14	21	12	15	11
350352	M780	13	25	16	10	10	13	11	18	15	14	20	11	15	11
324776	M780	13	25	16	10	10	13	11	18	15	14	20	11	15	11
307201	M780	13	25	16	10	10	13	11	18	15	14	20	11	15	11
M6740	M780	13	25	16	11	10	13	11	19	17	14	20	11	15	11
112208	M780	13	25	17	10	10	13	11	18	15	14	20	12	15	11
182524	M780	13	25	17	11	10	13	11	18	15	14	20	12	15	11
189739	M780	13	25	16	10	10	13	11	17	16	14	20	11	15	11
158432	M780	13	25	16	10	10	13	11	17	16	14	20	11	15	11
188795	M780	13	25	16	10	10	13	11	17	16	14	20	11	15	11
195320	M780	13	25	16	10	10	13	11	17	16	14	20	11	15	11
189737	M780	13	25	16	10	10	13	11	18	16	14	20	11	15	11
M6646	M780	13	24	16	12	10	13	11	17	16	14	20	12	15	11
240464	M780	13	25	16	11	10	13	11	17	17	14	20	12	15	12
405677	M780	13	25	16	11	10	13	11	17	15	14	21	12	16	11
249834	M780	13	25	17	11	10	13	11	17	16	14	20	12	15	11
N102178	M780	13	26	16	11	10	13	11	16	17	14	21	12	15	11
U2810	M780	13	24	15	10	10	13	11	17	16	14	19	12	15	11
N70502	M780	13	25	16	11	10	13	11	17	15	14	20	11	15	11
M6986	M780	13	25	16	11	10	13	11	19	16	14	20	11	15	11
277391	M780	13	25	16	11	10	13	11	18	15	14	21	12	15	11
414205	M780	13	25	17	11	10	13	11	17	16	14	20	10	15	11
148790	M780	13	26	15	11	10	13	11	16	16	14	20	12	15	11
N115450	M780	13	25	15	10	10	13	11	18	17	14	20	11	14	11
212871	M780	13	24	15	10	10	14	11	18	16	14	20	11	15	11
N2358	M780	13	24	16	11	10	13	11	18	16	14	20	12	15	11
M7290	M780	13	25	15	10	10	14	11	18	16	14	20	10	15	11
198258	M780	13	25	15	10	11	14	11	17	17	14	20	12	15	11
N96261	M780	13	25	15	10	10	13	11	17	16	14	20	11	15	11
247344	M780	13	25	15	11	10	13	12	18	16	14	20	13	15	11
M6086	M780	13	25	15	11	11	13	11	17	14	14	20	12	15	11
M6843	M780	13	25	16	10	10	13	11	17	16	14	19	11	15	11
M6527	M780	13	25	16	11	10	13	11	17	17	14	20	11	14	11
141070	M780	13	25	15	10	11	13	11	18	16	14	20	12	14	11
M8618	M780	14	25	15	11	10	13	11	16	16	14	19	12	15	11
M7041	M780	14	25	15	11	10	13	11	16	16	14	19	12	15	11
492739	M780	14	25	15	11	10	13	11	16	16	14	19	12	15	11
226540	S23592	12	25	15	11	10	14	11	19	14	14	20	10	16	11
312445	S23592	13	23	16	11	10	14	11	17	16	14	20	11	15	11
M10513	S23592	13	24	15	11	11	14	11	18	15	14	20	11	15	11
519395	S23592	13	24	15	11	10	13	11	19	15	14	20	12	15	11
E23655	S23592	13	25	15	10	10	13	11	17	16	14	20	11	14	11
N32652	S23592	13	26	15	10	11	13	11	18	15	14	20	11	16	11
57291	S23592	13	26	15	10	10	13	11	18	15	14	20	11	16	11
173843	S23592	13	23	17	11	10	14	11	18	16	14	20	11	16	11
431158	S23592	13	23	17	11	10	14	11	18	16	14	20	11	16	11
386023	S23592	13	23	17	11	10	14	11	18	16	14	20	11	17	11
339288	S23592	13	23	17	11	10	14	11	18	16	14	20	11	17	11
340233	S23592	13	23	16	10	10	14	11	18	17	14	20	11	15	11
288203	S23592	13	23	17	11	10	13	11	18	16	14	20	11	17	11
N97469	S23592	13	23	17	11	10	14	11	17	16	14	20	11	15	11
291316	S23592	13	23	17	11	10	14	11	17	16	14	20	11	16	11
177949	S23592	13	23	17	11	11	14	11	18	16	14	20	11	16	11
717869	S23592	13	24	17	11	10	13	11	18	17	14	19	11	16	11
72455	S23592	13	24	16	11	10	14	11	16	16	14	20	11	16	11
127747	S23592	13	24	15	10	10	14	11	16	16	14	20	11	16	11
182652	S23592	13	24	15	10	11	14	11	17	16	14	20	11	15	11
179759	S23592	13	25	15	11	10	14	11	18	15	14	21	11	15	11
179760	S23592	13	25	15	11	10	13	11	17	15	14	21	11	15	11
174777	S23592	13	25	15	11	10	13	11	17	15	14	21	11	15	11
177947	S23592	13	25	15	11	10	13	11	17	15	14	21	11	15	11
312832	S23592	13	25	15	11	10	14	11	18	15	14	21	11	15	11
312825	S23592	13	25	15	11	10	14	11	18	15	14	21	11	15	11
186386	S23592	13	25	16	11	10	13	11	18	15	14	21	11	16	11
111287	S23592	13	26	16	11	10	14	11	17	15	14	21	11	16	11
79138	S23592	14	23	17	11	10	14	11	18	17	14	20	12	16	11
247529	S23592	14	23	17	11	10	14	11	19	17	14	20	12	15	11
N94836	Y40	13	25	16	11	10	13	11	18	16	14	19	12	15	11
N114631	Y40	13	24	15	10	10	13	11	16	15	14	20	11	16	11
346520	Y40	13	24	15	10	10	13	11	17	17	14	20	11	16	11
N36757	Y40	13	24	17	11	10	13	11	17	16	14	20	11	16	11
42050	Y40	13	25	16	11	10	13	11	17	17	14	20	11	15	11
411934	Y40	13	25	17	11	10	13	11	17	16	14	21	12	15	11
333085	Y40	13	25	17	12	10	12	11	17	18	14	20	11	16	11
M12249	Y40	13	25	17	11	11	13	11	17	16	14	20	11	15	11
312280	Y40	13	25	17	11	10	13	11	17	16	14	20	11	15	11
349196	Y40	13	25	16	11	10	13	11	18	16	14	20	12	15	11
267006	Y40	13	25	17	11	10	13	11	17	16	14	20	12	16	11
M8458	Y40	13	25	16	11	10	13	11	18	14	14	20	12	16	11
M8466	Y40	13	25	16	11	10	13	11	18	14	14	20	12	16	11
205148	Y40	13	25	16	12	10	13	11	17	14	14	20	10	16	11
B1000	Y40	13	25	16	10	10	14	11	16	15	14	20	10	15	10
202574	Y40	13	25	16	10	10	14	11	16	15	14	20	11	16	11
M12357	YP413	13	25	16	11	10	13	11	17	16	14	20	12	15	11
M6720	YP413	13	25	16	11	10	13	11	17	16	14	21	12	15	11
M11002	YP413	13	26	16	11	11	13	11	20	15	14	20	11	16	11
346249	YP413	13	25	15	11	12	14	11	18	15	14	19	11	15	11
193912	YP413	13	25	16	10	10	13	12	17	16	14	20	11	15	11
287341	YP413	13	25	16	11	10	13	11	16	15	14	20	11	15	11
184336	YP413	13	23	16	11	10	13	11	17	15	14	20	12	15	11
N49878	YP413	13	24	16	11	10	13	11	17	15	14	20	12	15	11
239548	YP413	13	24	15	11	10	13	11	17	15	14	20	12	15	11
167393	YP413	13	24	15	11	10	13	11	17	15	14	20	12	15	11
239546	YP413	13	24	16	11	10	13	11	17	15	14	20	12	15	11
186174	YP413	13	24	16	11	10	13	11	17	15	14	20	12	15	11
239543	YP413	13	24	16	11	10	13	11	17	15	14	20	12	15	11
745257	YP413	13	24	16	11	10	13	11	17	16	14	20	12	15	11
273822	YP413	13	24	16	11	10	13	11	18	15	14	20	11	15	11
239542	YP413	13	25	16	11	10	13	11	17	15	14	20	12	15	11
263447	YP413	13	26	16	11	10	14	11	18	17	14	20	12	15	11
M8913	YP413	14	25	16	11	11	12	11	17	16	14	19	13	16	11
263212	YP413	14	25	16	11	11	12	11	17	17	14	20	12	16	11
M8448	YP413	14	25	16	11	11	13	11	17	16	14	20	12	16	11
M7278	YP413	14	25	16	11	11	12	11	17	16	14	20	12	16	11
202698	Z2122	13	25	16	10	10	13	11	18	14	14	20	12	15	11
324883	Z2122	13	25	16	11	11	13	12	18	16	14	20	13	16	11
444684	Z2122	13	24	15	11	10	13	11	18	15	14	20	11	16	11
179005	Z2122	13	24	15	11	10	13	11	18	15	14	20	12	16	11
158657	Z2122	13	25	15	11	10	14	11	17	17	14	20	12	16	11
50283	Z2122	13	24	15	11	10	13	11	18	16	14	20	12	15	11
259835	Z2122	13	23	16	11	10	13	11	18	16	14	20	12	15	11
82376	Z2122	13	24	15	11	10	13	11	18	16	14	20	12	15	11
134230	Z2122	13	24	16	11	10	13	11	18	16	14	20	12	15	11
294904	Z2122	13	24	16	11	10	13	11	18	16	14	20	13	15	11
5797	Z2122	13	25	16	11	11	14	11	17	15	14	20	13	15	11
373173	Z2122	13	25	16	11	10	14	11	17	15	14	19	12	15	11
277359	Z2122	13	25	16	11	10	13	11	18	16	14	20	12	16	11
116213	Z2122	13	24	16	11	10	13	11	17	16	14	20	11	17	11
350825	Z2122	13	24	16	11	10	13	11	18	15	14	20	11	17	11
164707	Z2122	13	24	15	11	10	13	11	16	15	14	20	12	15	11
B1139	Z2122	13	25	15	10	10	13	11	18	15	14	20	11	15	11
345661	Z2122	13	25	16	11	11	13	11	17	15	14	20	11	15	11
209438	Z2122	13	24	15	11	10	13	11	18	15	14	20	11	15	11
172849	Z2122	13	25	15	11	10	13	11	17	16	14	20	13	15	11
295213	Z2122	13	25	16	11	10	13	11	18	16	14	20	11	15	12
M8586	Z2122	13	25	17	11	10	13	11	17	14	14	20	11	15	11
M6280	Z2122	13	25	17	11	10	13	11	17	14	14	20	11	15	11
M7243	Z2122	13	25	17	11	10	13	11	17	14	14	20	11	15	11
415879	Z2122	13	25	17	11	10	13	11	17	14	14	20	11	15	11
566380	Z2122	14	24	16	11	10	13	11	16	16	14	20	12	17	10
270161	Z2122	14	25	16	11	10	13	11	16	15	14	20	12	16	11
183799	Z2122	14	25	16	11	10	13	11	18	15	14	20	13	15	11
447312	Z2122	14	24	16	10	10	14	11	17	15	14	20	12	15	11
348692	Z2122	14	25	16	11	10	13	11	18	16	14	20	12	15	11
275621	Z2122	14	25	15	10	10	13	11	18	16	14	20	12	15	11
278326	Z2122	14	24	16	11	10	14	11	17	16	14	20	12	15	11
265134	Z2122	14	26	16	11	12	13	11	18	15	14	20	12	15	11
B1340	Z2122	14	26	16	12	12	13	11	18	15	14	20	12	15	11
118967	Z2122	14	24	15	11	10	13	11	18	15	14	19	11	15	11
108628	Z2122	14	25	15	11	10	13	11	18	16	14	20	10	15	11
B2982	Z2122	14	25	15	11	10	13	12	18	16	14	20	10	15	11
84103	Z2122	14	25	16	11	10	13	11	18	16	14	20	11	16	11
221090	Z2122	14	25	16	10	10	14	11	18	13	14	20	12	15	11
148160	Z2122	14	24	16	11	11	13	11	18	15	14	20	11	15	12
307952	Z2122	14	25	16	11	10	13	11	18	15	14	20	12	16	11
223765	Z2122	14	25	17	11	10	13	12	18	15	14	20	11	15	11
240102	Z2122	14	25	15	11	12	15	11	17	15	14	20	11	15	11
95243	Z2122	14	25	16	10	10	13	11	18	15	14	20	12	15	11
307583	Z2122	14	24	15	10	11	13	11	16	14	14	20	12	15	11
204910	Z2122	14	24	16	10	10	13	11	18	15	14	20	12	15	11
N113435	Z2122	14	25	15	11	10	13	11	18	16	14	21	12	15	11
N22839	Z2122	14	25	16	10	10	13	11	18	15	15	20	12	15	11
N140673	Z2122	14	25	16	11	10	13	12	17	15	14	20	13	15	12
259937	Z2122	14	24	15	11	10	13	11	17	15	14	20	11	15	11
291025	Z2122	14	25	16	10	10	13	11	18	15	14	20	11	14	11
N42405	Z2122	14	25	16	10	10	14	11	18	15	14	20	12	15	11
N13219	Z2122	14	25	17	11	10	13	11	18	16	14	20	11	16	12
29706	Z2122	14	25	17	11	10	13	11	18	16	14	20	12	16	12
158380	Z2122	14	24	15	10	10	13	11	16	15	14	19	11	15	11
172263	Z2122	14	24	15	11	10	13	11	17	15	14	19	11	15	11
296369	Z2122	14	24	15	11	10	13	11	17	15	14	19	11	15	11
277627	Z2122	15	25	17	11	10	13	11	18	15	14	21	12	16	12
361514	Z2123	11	24	16	10	10	12	11	18	16	14	20	11	16	11
M9090	Z2123	12	25	16	11	10	13	11	16	15	14	20	11	15	11
M7180	Z2123	12	25	16	11	10	13	11	18	15	15	20	12	17	11
195023	Z2123	12	23	16	11	10	13	11	16	16	14	20	11	15	11
N9119	Z2123	12	24	16	11	10	13	11	17	16	14	20	10	15	11
B49476	Z2123	13	24	17	11	10	13	11	18	15	14	20	11	15	11
42981	Z2123	13	25	17	11	10	13	11	17	15	14	20	11	16	11
221184	Z2123	13	25	17	11	10	13	11	17	15	14	20	11	16	11
239987	Z2123	13	25	15	11	10	13	11	18	15	14	20	11	15	11
639602	Z2123	13	25	17	11	10	13	11	18	17	14	19	12	16	11
M9512	Z2123	13	25	17	11	11	13	11	17	15	14	19	12	15	11
M9513	Z2123	13	25	17	11	11	13	11	17	15	14	19	12	15	11
M9514	Z2123	13	25	17	11	11	13	11	17	15	14	19	12	15	11
314758	Z2123	13	25	17	11	11	13	11	17	15	14	19	12	15	11
300262	Z2123	13	25	16	11	10	13	11	17	15	14	19	11	15	11
263725	Z2123	13	25	16	11	10	13	11	17	15	14	19	11	16	11
N51951	Z2123	13	25	16	10	10	13	11	17	15	14	19	11	16	11
N3982	Z2123	13	25	16	11	10	12	11	17	15	14	19	11	15	11
73743	Z2123	13	25	16	11	10	13	11	17	15	14	19	11	15	11
N83118	Z2123	13	25	16	11	10	13	11	17	15	14	19	11	16	11
242535	Z2123	13	25	16	11	10	13	11	17	15	14	19	11	16	11
237819	Z2123	13	25	16	11	10	13	11	18	15	14	19	11	16	11
515351	Z2123	13	26	15	11	10	14	11	18	15	14	19	12	15	11
M6982	Z2123	13	24	16	11	10	13	11	16	14	14	20	11	16	11
178906	Z2123	13	25	16	10	10	13	11	16	15	14	20	11	17	11
M7066	Z2123	13	25	16	10	10	13	11	16	15	14	20	11	16	11
162855	Z2123	13	25	16	10	10	13	11	16	15	14	20	11	17	11
178907	Z2123	13	25	16	10	10	13	11	16	15	14	20	11	17	11
178905	Z2123	13	25	16	10	10	13	11	16	15	14	20	11	17	11
160271	Z2123	13	25	16	10	10	13	11	16	15	14	20	11	17	11
157103	Z2123	13	25	16	10	10	13	11	16	15	14	20	11	17	11
M6895	Z2123	13	25	16	10	10	13	11	16	15	14	20	11	17	11
157619	Z2123	13	25	16	10	10	13	11	16	15	14	20	11	17	11
157621	Z2123	13	25	16	10	10	13	11	16	15	14	20	11	17	11
M7059	Z2123	13	25	16	11	10	13	11	16	15	14	20	11	16	11
519800	Z2123	13	25	16	11	10	13	11	16	15	14	20	11	16	11
M9801	Z2123	13	25	16	11	10	13	11	16	15	14	20	11	15	11
M6458	Z2123	13	25	16	11	10	13	11	16	15	14	20	11	15	11
M6679	Z2123	13	25	16	11	10	13	11	16	15	14	20	11	16	11
M6183	Z2123	13	25	16	11	10	13	11	16	15	14	20	11	16	11
M6285	Z2123	13	25	16	11	11	13	11	16	15	14	20	11	16	11
M6459	Z2123	13	25	16	13	10	13	11	16	15	14	20	11	16	11
M7013	Z2123	13	26	16	10	10	13	11	16	15	14	20	11	16	11
M8568	Z2123	13	25	16	11	10	13	11	18	15	15	20	12	18	11
67603	Z2123	13	23	15	11	10	13	11	18	15	14	20	12	15	11
181089	Z2123	13	25	17	11	10	13	11	18	13	14	20	11	15	11
13091	Z2123	13	24	15	11	10	12	11	17	16	14	20	12	16	11
235754	Z2123	13	25	16	10	10	13	11	16	14	14	20	11	16	11
219516	Z2123	13	25	17	10	10	13	11	17	14	14	20	11	16	11
295767	Z2123	13	25	15	11	10	13	11	18	14	14	20	11	16	11
B5766	Z2123	13	25	16	11	10	12	11	18	15	14	20	10	16	11
209969	Z2123	13	26	16	10	10	13	11	17	15	14	20	12	15	11
359531	Z2123	13	25	15	10	9	14	11	17	15	14	20	12	16	11
307188	Z2123	13	23	16	11	10	12	11	18	15	13	20	11	15	11
367530	Z2123	13	24	16	10	10	12	11	18	15	13	20	11	15	11
518729	Z2123	13	25	16	11	10	12	11	19	14	13	20	11	16	11
257286	Z2123	13	25	16	11	10	13	11	16	15	14	20	11	16	11
2914	Z2123	13	25	16	11	10	14	11	16	15	14	20	11	16	11
182102	Z2123	13	24	16	11	10	13	11	17	15	14	20	11	15	11
103319	Z2123	13	25	16	11	10	12	11	19	16	14	20	11	14	11
141188	Z2123	13	25	18	11	10	12	11	18	15	14	20	12	15	11
180380	Z2123	13	25	15	11	10	13	11	16	14	14	20	11	16	11
251923	Z2123	13	25	15	11	10	13	11	16	14	14	20	11	16	11
368509	Z2123	13	25	15	10	11	13	11	16	15	14	20	11	15	11
160543	Z2123	13	25	15	10	11	13	11	16	15	14	20	11	15	11
M10454	Z2123	13	25	15	10	11	13	11	18	15	14	20	12	18	11
M6890	Z2123	13	24	16	11	11	13	11	18	15	14	20	12	15	12
M9356	Z2123	13	25	15	10	10	13	11	17	15	14	20	12	17	11
M7015	Z2123	13	25	16	11	10	13	11	16	15	14	20	12	15	11
190268	Z2123	13	26	16	11	10	13	11	16	15	14	20	12	16	11
M7262	Z2123	13	26	17	11	10	13	11	16	15	14	20	12	16	11
76776	Z2123	13	24	15	11	10	13	11	17	16	14	20	12	17	11
636755	Z2123	13	25	16	10	10	12	11	18	16	14	20	11	16	11
B5513	Z2123	13	24	15	10	10	13	11	16	16	14	20	10	18	12
135081	Z2123	13	23	16	11	12	13	11	18	15	14	20	11	16	11
152829	Z2123	13	24	16	10	12	13	11	17	15	14	20	11	16	11
186813	Z2123	13	24	16	11	12	12	11	18	15	14	20	11	16	11
186806	Z2123	13	24	16	11	12	13	11	18	15	14	20	11	16	11
186124	Z2123	13	24	16	11	12	13	11	18	15	14	20	11	15	11
187399	Z2123	13	24	16	11	12	13	11	18	15	14	20	11	16	11
246667	Z2123	13	24	16	11	12	13	11	18	15	14	20	11	16	11
198276	Z2123	13	24	16	11	12	13	11	18	15	14	20	10	16	11
203303	Z2123	13	24	16	12	12	13	11	18	15	14	20	11	17	11
242771	Z2123	13	25	16	11	10	13	11	18	16	14	20	12	15	11
M7432	Z2123	13	24	16	10	10	14	14	18	15	14	20	12	16	11
174584	Z2123	13	24	15	10	10	13	11	17	15	14	20	11	15	11
M8716	Z2123	13	24	15	10	10	13	11	17	15	14	21	12	16	11
164862	Z2123	13	25	17	11	10	13	11	16	15	14	20	11	15	11
196269	Z2123	13	25	17	11	10	13	11	17	15	14	20	11	15	11
M7274	Z2123	13	25	16	11	10	13	11	17	16	14	20	11	17	11
191386	Z2123	13	25	15	11	10	13	11	19	15	14	20	11	15	11
N35042	Z2123	13	23	16	11	10	13	11	17	17	14	20	12	15	11
N77532	Z2123	13	24	16	10	11	13	11	17	16	14	20	11	17	11
H1483	Z2123	13	25	16	10	10	13	11	18	16	14	20	11	15	11
M9802	Z2123	13	25	15	11	10	13	11	17	16	15	20	12	15	11
297806	Z2123	13	25	16	11	10	13	11	16	15	14	20	12	15	11
518725	Z2123	13	24	15	10	10	12	11	17	15	14	20	12	16	11
200941	Z2123	13	24	15	10	10	12	11	17	15	14	19	12	16	11
239748	Z2123	13	24	15	11	10	12	11	19	16	14	20	12	16	11
429402	Z2123	13	24	15	11	10	12	11	19	16	14	20	12	15	12
B161405	Z2123	13	25	16	10	10	12	11	17	15	14	20	12	16	11
277360	Z2123	13	25	16	11	10	12	11	17	15	14	20	12	16	11
211933	Z2123	13	25	16	11	10	12	11	17	15	14	20	12	16	11
202905	Z2123	13	25	15	11	11	12	11	17	16	14	20	12	16	11
291852	Z2123	13	24	15	11	10	12	11	17	16	14	20	12	17	11
291817	Z2123	13	25	15	10	10	12	11	16	15	14	20	12	17	11
291841	Z2123	13	25	15	11	10	12	11	17	15	14	20	12	17	11
277503	Z2123	13	25	15	11	10	12	11	17	15	14	20	12	16	11
277329	Z2123	13	25	15	11	10	12	11	17	15	14	20	11	16	11
290827	Z2123	13	25	15	11	10	12	11	17	16	15	20	12	17	11
306113	Z2123	13	25	16	10	10	12	11	17	15	14	20	12	18	11
275622	Z2123	13	25	16	10	10	12	11	17	15	14	20	13	16	11
309705	Z2123	13	25	16	11	10	12	11	17	15	14	20	12	16	11
318221	Z2123	13	25	16	11	10	12	11	17	16	14	20	12	16	11
294587	Z2123	13	26	16	11	10	12	11	17	15	14	20	13	16	11
309709	Z2123	13	25	16	11	11	12	11	16	15	14	19	12	15	11
321258	Z2123	13	25	16	11	11	12	11	17	15	14	19	11	16	11
240222	Z2123	13	25	15	11	10	13	11	18	15	14	20	12	16	11
306446	Z2123	13	25	16	11	10	13	11	18	15	14	20	12	16	11
M7058	Z2123	13	25	16	10	10	12	11	19	15	14	20	11	17	11
247851	Z2123	13	25	16	11	10	12	11	17	15	14	20	12	14	11
217168	Z2123	13	25	16	11	10	12	11	19	15	14	19	11	16	11
B2586	Z2123	13	25	16	11	10	12	11	18	16	14	20	11	15	11
N3798	Z2123	13	25	16	11	10	13	11	18	15	14	20	11	16	11
M6851	Z2123	13	25	16	10	10	13	11	18	16	14	20	11	16	11
M6698	Z2123	13	25	16	10	10	13	11	18	16	14	20	11	16	11
M6853	Z2123	13	25	16	10	10	13	11	18	16	14	20	11	16	11
M6699	Z2123	13	25	16	10	10	13	11	18	16	14	20	11	16	11
M6132	Z2123	13	25	15	10	10	13	11	16	15	14	20	11	16	11
N101746	Z2123	13	25	16	10	10	13	11	18	15	14	20	12	16	11
278187	Z2123	13	25	17	10	10	13	11	17	16	14	20	11	15	11
M9055	Z2123	13	25	15	11	10	13	11	17	16	14	19	12	15	11
429048	Z2123	13	25	15	10	10	13	11	16	19	14	19	11	16	11
366766	Z2123	13	25	15	11	10	13	11	17	16	14	20	11	15	11
216270	Z2123	13	25	16	10	10	13	11	18	15	14	19	12	15	11
M7199	Z2123	13	25	16	10	10	13	11	18	15	14	19	13	16	11
188777	Z2123	13	25	16	10	10	13	11	18	15	14	19	11	16	11
277523	Z2123	13	24	15	11	10	13	11	17	15	14	21	11	16	11
186398	Z2123	13	24	16	10	11	13	11	18	15	14	20	11	15	11
M7030	Z2123	13	22	17	11	10	13	11	17	17	14	20	12	16	11
318946	Z2123	13	25	15	11	10	13	11	18	16	14	21	11	16	11
255385	Z2123	13	25	16	11	10	13	11	18	15	14	20	11	15	11
71094	Z2123	13	25	16	11	10	14	11	18	15	14	20	11	16	11
465634	Z2123	14	25	16	10	10	13	11	18	15	14	20	11	16	10
M8096	Z2123	14	25	15	11	10	13	11	18	15	14	20	11	16	11
167034	Z2123	14	26	15	10	10	12	11	18	16	14	20	11	15	11
294504	Z2123	14	26	15	10	10	12	11	18	16	14	20	11	15	11
370294	Z93*	13	25	15	10	11	13	11	18	15	14	20	10	15	11
189816	Z93*	13	24	16	11	10	13	11	18	15	14	20	11	16	11
M7987	Z93*	13	24	17	10	10	13	11	17	15	14	20	11	16	11
222776	Z93*	13	25	15	11	10	13	11	18	15	14	21	12	15	11
N77266	Z93*	13	25	16	10	10	13	11	18	17	14	20	12	16	11
270216	Z93*	13	25	16	11	10	13	11	19	15	14	20	11	15	12
M8143	Z93*	13	25	16	10	11	13	11	17	15	15	20	11	16	11
290208	Z93*	13	25	16	11	10	13	11	17	15	14	20	11	17	11
312482	Z93*	13	25	16	11	10	13	11	19	15	14	20	12	15	11
360682	Z93*	13	26	16	11	10	13	11	16	15	15	20	11	15	11
188931	Z93*	13	24	15	11	10	13	11	17	14	14	20	11	16	11
204324	Z93*	13	24	15	11	10	13	11	18	14	14	20	11	16	11
M6712	Z93*	13	24	15	11	10	13	11	18	14	14	20	11	16	11
270141	Z93*	13	23	15	11	10	14	11	18	15	14	20	11	16	11
181512	Z93*	13	22	15	11	10	14	11	18	16	14	20	11	16	11
106946	Z93*	13	22	15	11	10	14	11	18	16	14	20	11	16	11
171110	Z93*	13	24	15	11	10	14	11	18	17	14	20	11	16	11
266917	Z93*	13	24	15	11	10	13	11	17	16	14	19	11	16	11
48908	Z93*	13	25	15	11	10	13	11	17	16	14	20	12	15	11
B101352	Z93*	13	25	15	11	10	13	11	17	15	14	21	11	15	10
H1227	Z93*	13	25	16	11	10	13	11	17	15	14	21	11	15	10
226562	Z93*	13	25	16	11	10	13	11	17	15	14	21	11	15	10
167830	Z93*	13	25	16	11	10	12	11	17	15	14	22	11	15	10
312265	Z93*	13	25	16	11	10	13	11	17	15	14	21	11	15	10
2923	Z93*	13	25	16	11	10	13	11	17	15	14	21	11	15	10
75418	Z93*	13	25	16	11	10	13	11	17	15	14	21	11	15	9
217462	Z93*	13	25	16	11	10	13	11	17	15	14	21	11	15	10
341790	Z93*	13	25	16	11	10	13	11	17	15	14	21	11	15	10
491032	Z93*	13	25	16	11	10	13	11	18	15	14	21	11	15	10
N10407	Z93*	13	25	16	11	10	14	11	17	15	14	21	12	15	10
154618	Z93*	13	25	16	11	10	13	11	17	16	14	21	11	15	10
200932	Z93*	13	25	16	11	10	13	11	17	16	14	21	11	15	10
339172	Z93*	13	25	16	11	10	13	11	17	16	14	21	11	15	10
372511	Z93*	13	25	16	11	10	13	11	17	16	14	21	11	15	10
198418	Z93*	13	25	16	11	10	13	11	17	16	14	21	11	15	10
149349	Z93*	13	25	15	11	10	14	11	17	16	14	21	11	15	10
117682	Z93*	13	25	16	11	10	13	11	16	15	14	21	11	15	10
192288	Z93*	13	25	16	11	10	13	11	17	16	14	21	11	15	10
229056	Z93*	13	25	16	11	10	13	11	17	16	14	21	11	15	10
191631	Z93*	13	25	16	11	10	13	11	17	16	14	21	11	15	10
177151	Z93*	13	25	16	11	10	13	11	17	16	14	21	11	15	10
281885	Z93*	13	25	16	11	10	13	11	17	16	14	21	11	15	10
245803	Z93*	13	25	16	11	10	13	11	17	16	14	21	11	15	10
50058	Z93*	13	25	16	11	10	13	11	17	16	14	21	11	15	10
192978	Z93*	13	25	16	11	10	13	11	17	16	14	21	11	15	10
164190	Z93*	13	25	16	11	11	13	11	17	16	14	21	11	15	10
147177	Z93*	13	25	16	11	10	13	11	17	16	14	21	11	15	10
270082	Z93*	13	25	16	11	10	13	11	17	16	14	21	11	15	10
103805	Z93*	13	25	16	10	10	13	11	17	16	14	21	11	15	10
309561	Z93*	13	24	16	11	10	13	11	17	15	14	20	12	15	11
275672	Z93*	13	24	16	11	10	13	11	17	16	14	20	11	15	11
234858	Z93*	13	25	15	11	10	13	11	17	15	14	20	12	14	11
277386	Z93*	13	25	15	11	10	13	11	17	15	14	20	12	15	11
M7858	Z93*	13	25	15	11	10	13	11	17	15	14	20	12	15	11
M7171	Z93*	13	25	15	11	10	13	11	17	15	14	20	12	15	11
182325	Z93*	13	25	15	11	10	13	11	17	15	14	20	12	16	11
N39147	Z93*	13	24	17	10	10	13	10	18	15	14	22	12	15	11
111245	Z93*	13	24	17	10	10	13	11	18	15	14	21	11	15	11
274445	Z93*	13	25	16	11	10	13	11	18	16	14	20	12	14	11
K1847	Z93*	13	24	15	11	10	13	11	17	17	14	20	11	15	11
363629	Z93*	13	24	16	11	10	13	11	16	17	14	20	12	15	11
364998	Z93*	13	24	16	11	10	13	11	16	16	14	20	12	16	11
344607	Z93*	13	24	17	10	10	13	11	17	15	15	20	11	16	11
M6469	Z93*	13	22	16	11	10	13	11	18	15	15	20	11	17	11
M6630	Z93*	13	23	16	10	10	13	11	18	15	15	20	11	16	11
346242	Z93*	13	25	15	11	13	13	11	17	17	14	20	11	16	11
N25204	Z93*	13	25	15	11	13	13	11	17	17	14	20	11	16	11
210861	Z93*	13	26	15	11	12	13	11	18	15	14	21	12	15	11
M6462	Z93*	13	24	15	10	10	13	11	18	16	14	20	12	16	11
225441	Z93*	13	24	16	11	10	13	11	16	16	14	20	12	16	11
N44441	Z93*	13	24	16	11	10	13	11	17	15	14	19	11	15	11
192072	Z93*	13	25	16	11	10	13	11	18	15	14	20	12	18	11
M6710	Z93*	13	26	15	11	10	13	11	17	18	14	20	12	15	11
M6047	Z93*	13	24	16	11	10	13	11	18	15	14	20	12	15	11
207551	Z93*	13	24	17	10	10	13	11	17	16	14	20	11	15	11
197670	Z93*	13	25	16	10	10	13	11	18	16	14	20	11	16	11
227190	Z93*	13	25	16	10	10	14	11	16	16	14	20	12	14	11
M7001	Z93*	13	25	16	10	10	13	11	16	15	14	20	11	15	11
E11612	Z93*	13	25	17	10	10	13	11	18	15	14	20	11	15	11
92134	Z93*	14	25	15	11	10	14	11	16	15	14	21	10	16	11
212823	Z93*	14	25	15	10	10	14	11	16	16	14	20	11	16	11
221419	Z93*	14	24	16	10	10	13	11	17	16	14	20	11	16	11
236625	Z93*	14	24	16	10	10	13	11	18	16	14	20	12	16	11
