Kit Number	Haplogroup	DYS393	DYS390	DYS19	DYS391	DYS439	DYS389A	DYS392	DYS389B	DYS458	DYS437	DYS448	Y-GATA-H4	DYS456	DYS438
III. BÃ©la	???	13	25	16	11	10	13	11	20	15	14	20	12	16	11
N155604	L664	12	24	17	10	10	13	11	17	16	14	19	11	16	11
83108	L664	13	25	16	10	10	14	11	17	15	14	19	11	16	11
N98319	L664	13	25	16	10	10	14	11	17	15	14	19	11	16	11
333125	L664	13	24	16	10	10	13	11	19	15	14	19	11	16	11
348790	L664	13	25	16	10	11	14	11	17	15	14	19	11	16	11
337966	L664	13	25	16	10	11	14	12	17	15	14	19	11	15	11
131656	L664	13	24	16	10	11	14	11	17	15	14	19	11	16	11
169505	L664	13	25	16	10	11	14	11	17	15	14	19	11	16	11
337277	L664	13	25	16	10	11	14	11	17	15	14	19	11	16	11
103641	L664	13	25	16	10	10	13	11	17	15	14	19	10	15	11
150186	L664	13	25	16	10	10	13	11	17	15	14	19	11	16	11
N5402	L664	13	25	16	10	10	13	11	18	15	14	19	10	16	11
50946	L664	13	25	15	10	10	13	11	17	15	14	19	10	15	11
102545	L664	13	25	16	10	10	13	11	17	15	14	19	10	15	11
43660	L664	13	25	16	10	10	13	11	17	14	14	19	11	16	11
232223	L664	13	25	16	10	10	13	11	17	15	14	19	11	15	11
150970	L664	13	25	16	10	10	13	11	17	15	14	19	11	16	11
66304	L664	13	25	16	10	10	13	12	17	15	14	19	11	16	11
43111	L664	13	25	16	10	10	13	12	17	15	14	19	11	16	11
150185	L664	13	25	16	10	10	13	12	17	15	14	19	11	16	11
H1358	L664	13	25	15	10	10	14	11	17	15	14	20	11	15	11
151896	L664	13	25	15	10	10	14	11	17	16	14	19	11	15	11
167249	L664	13	25	15	10	10	14	11	16	15	14	19	11	16	11
130729	L664	13	24	17	10	10	14	11	17	15	14	19	11	15	11
54319	L664	13	24	17	10	10	13	11	18	16	14	19	11	15	11
138082	L664	13	24	16	10	10	13	11	17	15	14	19	10	16	11
346545	L664	13	24	17	10	10	13	11	17	15	14	19	11	16	11
N17700	L664	13	25	16	10	11	13	11	17	15	14	19	11	16	11
257192	L664	13	25	17	10	11	13	11	17	15	14	19	11	15	11
N74201	L664	13	25	17	10	11	13	11	17	15	14	19	11	16	11
329353	L664	13	24	16	10	11	13	11	16	15	14	19	11	16	12
378691	L664	13	25	18	10	11	13	11	17	15	14	19	11	16	12
370212	L664	13	24	16	10	11	13	11	17	15	14	19	11	15	11
469442	L664	13	25	15	10	10	13	11	16	15	14	19	11	16	11
313495	L664	13	25	15	10	10	13	11	17	15	14	19	11	15	11
67404	L664	13	24	15	10	10	13	11	19	14	14	19	11	15	11
474214	L664	13	24	15	10	10	13	11	19	14	15	19	11	15	11
35372	L664	13	24	15	10	11	13	11	19	14	15	19	11	15	11
373206	L664	13	24	15	10	10	13	11	18	15	14	19	11	15	11
N17090	L664	13	25	15	10	10	13	11	18	15	14	19	11	15	11
356214	L664	13	24	15	10	10	13	11	17	15	14	20	11	15	12
183137	L664	13	24	15	10	10	13	11	17	15	14	20	11	15	12
322003	L664	13	25	15	10	10	13	11	17	15	14	20	11	15	12
86029	L664	13	25	15	10	10	13	11	17	15	14	20	11	15	12
247447	L664	13	25	15	10	10	13	11	17	15	14	20	11	15	12
340616	L664	13	26	15	10	10	13	11	18	15	14	19	11	15	11
268194	L664	13	25	15	11	10	13	11	19	15	14	19	11	15	11
377958	L664	13	25	15	12	10	13	11	18	15	14	19	11	15	11
268077	L664	13	24	15	10	10	13	11	18	15	14	19	11	15	11
580595	L664	13	24	15	10	10	13	11	18	15	14	19	11	15	11
B1260	L664	13	25	15	10	10	13	11	18	15	14	19	11	14	11
45565	L664	13	25	15	10	10	13	11	19	15	14	19	11	14	11
21186	L664	13	25	15	10	10	13	11	19	15	14	19	11	14	11
22990	L664	13	25	15	10	10	13	11	19	15	14	19	11	14	11
65387	L664	13	24	15	10	10	12	11	19	14	14	19	11	15	11
195565	L664	13	25	15	10	10	12	11	18	15	14	19	11	15	11
323276	L664	13	24	15	10	10	12	11	18	15	14	19	11	15	11
5036	L664	13	25	15	10	10	12	11	19	15	14	19	11	15	11
507568	L664	13	25	15	10	10	13	11	18	15	14	19	11	15	11
202251	L664	13	25	15	10	10	13	11	19	15	14	19	11	15	11
353486	L664	13	25	15	10	10	13	11	18	16	14	19	11	15	11
162509	L664	13	25	15	10	10	13	11	18	16	14	19	11	15	11
221973	L664	13	25	15	10	10	14	11	17	16	14	19	11	15	11
28801	L664	13	25	15	10	10	14	11	17	16	14	19	11	15	11
B4339	L664	13	25	15	10	10	13	11	19	15	14	19	11	15	12
3392	L664	13	25	15	10	10	13	11	19	15	14	19	11	15	12
21915	L664	13	25	15	10	10	13	11	18	15	14	19	11	15	11
44879	L664	13	25	15	10	10	13	11	18	15	14	19	11	15	11
129934	L664	13	25	15	10	10	13	11	18	15	14	19	11	15	11
16786	L664	13	25	15	10	11	13	11	18	15	14	19	11	15	11
22564	L664	13	24	15	10	10	13	11	18	15	14	19	11	15	11
N57055	L664	13	26	15	11	10	12	11	18	15	14	19	11	15	11
N131823	L664	13	26	15	10	10	13	11	17	15	14	19	11	15	11
390610	L664	13	26	15	11	10	13	11	18	15	14	19	11	15	11
12460	L664	13	25	15	10	10	14	11	18	15	14	19	11	15	11
6646	L664	13	25	15	10	10	14	11	19	15	14	19	11	15	11
70909	L664	13	25	15	10	10	14	11	19	15	14	19	11	15	11
129135	L664	13	25	15	10	10	14	11	19	15	14	19	11	16	11
210992	L664	13	25	16	10	10	14	11	18	15	14	19	11	15	11
200176	L664	13	24	15	11	10	13	11	18	16	14	19	11	15	11
229866	L664	13	25	15	10	10	13	11	17	15	14	19	11	15	11
230071	L664	13	25	15	10	10	13	11	18	15	14	19	11	15	11
N112972	L664	13	25	15	10	10	13	11	19	15	14	19	11	15	11
B223817	L664	13	25	15	10	10	13	11	19	15	14	19	11	15	11
B6675	L664	13	25	15	10	10	13	11	19	15	14	19	11	15	11
80370	L664	13	25	15	10	10	14	10	19	15	14	19	11	15	11
161649	L664	13	25	15	10	10	14	11	17	15	14	19	11	15	11
332868	L664	13	25	15	10	11	13	11	19	16	14	19	11	16	11
201971	L664	13	25	15	10	10	14	11	19	15	14	19	11	15	11
246533	L664	13	25	15	10	10	13	11	17	15	14	19	11	16	11
B13531	L664	13	24	15	10	10	13	11	17	15	14	19	11	15	11
106186	L664	13	26	15	10	10	13	11	18	15	14	19	11	15	11
U2624	L664	13	25	15	10	10	14	11	17	15	14	19	11	16	11
313169	L664	13	26	16	10	11	13	11	17	15	14	19	11	16	11
228797	L664	13	25	16	10	11	13	11	16	13	14	19	9	16	11
167994	L664	13	24	15	10	11	14	11	17	15	14	19	11	16	11
2374	L664	13	26	16	10	10	14	11	18	15	14	19	11	16	11
177070	L664	13	24	16	10	10	13	8	17	15	15	19	11	15	11
106569	L664	13	24	16	10	10	13	8	17	15	15	19	11	15	11
52317	L664	13	25	16	10	11	13	11	16	14	14	19	11	16	11
177896	L664	14	25	15	10	10	13	11	17	15	14	19	10	14	11
B2610	L664	14	25	15	10	10	13	11	17	15	14	19	11	14	11
228839	L664	14	25	15	10	10	13	11	19	15	14	19	11	15	11
146457	L664	15	26	16	11	10	13	11	17	15	14	19	12	16	11
231803	M458	12	25	16	10	11	14	11	16	16	14	20	11	17	11
97621	M458	12	25	15	10	11	13	11	16	16	14	20	12	16	11
221882	M458	12	25	16	10	11	13	11	16	17	14	20	11	17	11
N75772	M458	12	25	17	10	11	13	11	17	17	14	20	11	17	11
232324	M458	12	25	16	10	11	13	11	16	16	14	20	11	17	11
99825	M458	12	25	16	11	11	13	11	16	16	14	20	11	17	11
309548	M458	12	25	16	10	11	13	11	17	16	14	20	11	16	11
44591	M458	13	25	17	11	10	12	11	18	16	14	20	11	16	11
264355	M458	13	25	17	11	10	13	11	18	16	14	20	11	16	11
281796	M458	13	25	16	11	11	13	11	16	16	14	20	11	16	11
182590	M458	13	25	15	10	10	13	11	16	16	14	20	11	15	11
325708	M458	13	25	15	10	12	13	11	16	15	15	20	11	19	11
107135	M458	13	24	15	10	11	13	11	16	16	14	20	10	17	11
116853	M458	13	25	16	10	11	12	11	16	17	14	19	11	17	11
454266	M458	13	25	16	10	11	13	11	16	16	14	20	11	18	11
355598	M458	13	25	16	10	11	13	11	16	16	14	20	11	17	11
N94047	M458	13	25	16	10	11	13	11	16	16	14	20	11	17	11
363373	M458	13	25	16	10	11	13	11	16	16	14	20	11	17	11
227847	M458	13	25	16	10	11	13	11	17	16	14	20	11	17	11
B1666	M458	13	25	16	11	11	14	11	16	16	14	20	11	16	11
686813	M458	13	25	16	10	11	13	11	17	16	14	20	11	17	11
290251	M458	13	25	17	10	11	14	11	16	16	14	20	11	17	11
481075	M458	13	26	16	10	12	13	11	16	16	14	21	11	16	11
196430	M458	13	25	16	10	11	13	11	16	16	14	20	11	16	11
299164	M458	13	25	16	10	11	13	11	17	16	14	20	11	17	11
N70675	M458	13	25	15	10	12	13	11	17	16	14	20	11	17	11
278248	M458	13	25	16	10	12	13	11	17	16	14	20	11	17	11
170948	M458	13	25	16	10	11	14	11	16	15	14	20	11	17	11
81980	M458	13	25	16	10	12	13	11	16	16	14	20	11	16	11
225213	M458	13	25	16	10	12	13	11	16	15	14	20	11	16	11
E9130	M458	13	25	16	11	11	13	11	16	16	14	20	11	17	11
253025	M458	13	25	16	10	11	13	11	16	16	14	20	11	18	11
E16127	M458	13	25	16	11	11	13	11	16	16	14	20	11	17	11
199575	M458	13	25	16	10	11	13	11	16	16	14	20	10	15	11
230537	M458	13	25	16	10	11	13	11	16	16	14	20	12	17	11
148019	M458	13	25	16	10	11	13	11	16	16	14	20	11	18	11
N25798	M458	13	25	16	10	11	13	11	16	16	14	20	11	18	11
178255	M458	13	25	15	10	11	13	11	16	17	14	20	11	17	11
454588	M458	13	25	15	10	11	13	11	16	16	14	20	11	18	11
418325	M458	13	25	15	10	11	13	11	16	16	14	20	11	17	11
B1359	M458	13	25	15	10	11	13	11	16	15	14	20	11	17	11
128120	M458	13	25	15	10	11	13	11	16	16	14	20	11	17	11
198486	M458	13	25	15	10	11	13	11	16	16	14	20	11	17	11
B10401	M458	13	25	15	10	11	13	11	16	16	14	20	11	17	11
442382	M458	13	25	15	10	11	13	11	17	17	14	20	11	17	11
H1915	M458	13	25	15	10	11	13	11	16	17	14	20	11	17	11
338076	M458	13	25	16	10	11	13	11	16	16	14	20	11	17	11
506125	M458	13	25	16	10	10	13	11	16	17	14	20	11	14	11
N21930	M458	13	25	16	10	11	13	11	16	15	14	20	11	18	11
227327	M458	13	24	15	10	11	13	11	16	17	14	20	11	17	11
N115033	M458	13	26	16	10	11	13	11	16	16	14	20	11	17	11
149610	M458	13	24	16	10	11	13	11	16	17	14	20	11	16	11
436721	M458	13	25	16	10	12	13	11	16	16	14	20	11	17	11
457647	M458	13	25	16	10	11	13	11	16	15	14	20	11	17	11
208920	M458	13	25	16	10	11	13	11	16	16	14	20	11	17	11
N27644	M458	13	25	16	11	11	13	11	16	16	14	20	11	17	11
B3901	M458	13	24	16	10	11	13	11	17	16	14	20	11	17	11
162487	M458	13	25	15	11	12	13	11	16	16	14	19	11	17	11
496261	M458	13	25	16	10	11	13	12	16	16	14	20	11	16	11
249566	M458	13	25	17	10	11	13	11	16	16	14	20	11	17	11
634321	M458	13	25	15	10	11	13	11	16	16	14	20	11	17	11
764289	M458	13	25	16	10	11	14	11	16	16	14	20	11	17	11
13191	M458	13	25	15	10	11	13	11	16	16	14	20	11	16	11
260304	M458	13	25	16	10	12	13	11	16	16	14	21	11	17	11
266601	M458	13	25	16	10	11	14	11	18	16	14	20	11	16	11
222307	M458	13	24	16	10	12	13	11	16	16	14	20	11	17	11
193615	M458	13	26	16	10	11	13	11	17	16	14	20	11	17	11
362897	M458	13	25	15	10	11	13	11	16	16	14	20	11	15	11
159478	M458	13	25	16	10	11	13	11	16	16	14	20	11	17	11
357338	M458	13	25	17	10	10	13	11	16	16	14	20	11	17	11
259551	M458	13	26	16	10	11	13	11	16	16	14	20	11	17	11
N208244	M458	13	26	16	10	11	13	11	16	16	14	20	11	18	11
210326	M458	13	25	16	10	10	13	11	16	16	14	21	11	18	11
297811	M458	13	25	16	10	11	13	11	16	16	14	20	11	17	11
327516	M458	13	25	16	10	11	14	11	16	16	14	20	11	17	11
524409	M458	13	25	16	10	12	13	11	16	17	14	20	12	17	11
626025	M458	13	25	16	11	11	13	11	16	16	14	20	11	18	12
229582	M458	13	25	16	11	11	13	11	16	17	14	20	11	17	11
189817	M458	13	25	15	10	11	15	11	16	16	14	20	10	17	11
294252	M458	13	25	16	10	11	13	11	16	17	14	20	11	17	11
388023	M458	13	25	15	10	12	13	11	16	16	14	20	11	17	11
465554	M458	13	25	15	10	12	13	11	16	16	14	20	11	17	11
184209	M458	13	25	16	10	11	13	11	16	17	14	20	11	15	11
93511	M458	13	25	16	10	11	13	11	16	15	14	20	11	17	11
332955	M458	13	25	16	10	11	13	11	16	16	14	20	11	16	11
371925	M458	13	25	15	10	11	13	11	16	16	14	20	13	17	11
323325	M458	13	25	16	10	11	13	11	16	16	14	20	12	17	11
N102460	M458	13	25	16	10	11	13	11	17	16	14	20	11	17	11
191519	M458	13	26	16	10	11	13	11	16	16	14	20	11	15	11
E14543	M458	13	26	16	10	11	13	11	16	17	14	20	11	17	11
B1842	M458	13	26	16	10	11	13	11	16	16	14	20	11	17	11
259051	M458	13	26	16	10	11	13	11	16	16	14	20	11	18	11
156799	M458	13	26	16	10	11	14	11	16	17	14	20	11	17	11
169127	M458	13	25	16	10	11	13	11	16	16	14	20	11	18	11
1833	M458	13	25	17	10	11	13	11	16	16	14	20	11	17	11
B8010	M458	13	26	15	10	11	13	11	16	16	14	20	11	17	11
104772	M458	13	26	15	10	11	13	11	16	17	14	20	11	17	11
410500	M458	13	26	16	10	11	13	11	16	16	14	20	11	17	11
220404	M458	13	26	16	10	12	13	11	16	17	14	20	11	17	11
211172	M458	13	24	15	10	11	11	11	15	16	14	20	11	17	11
B2778	M458	13	25	16	10	11	12	11	16	16	14	20	11	17	11
285080	M458	13	24	16	10	11	13	11	16	16	14	20	11	17	11
271804	M458	13	24	16	10	11	13	11	16	16	14	20	11	17	11
141103	M458	13	24	16	10	11	13	11	16	16	14	20	11	17	11
N56532	M458	13	25	15	10	11	13	11	16	16	14	20	11	17	11
179756	M458	13	25	15	10	11	13	11	16	16	14	20	11	16	11
119985	M458	13	25	16	10	11	13	11	16	16	14	20	10	15	11
51291	M458	13	25	16	10	11	13	11	16	16	14	20	11	17	11
252641	M458	13	25	16	10	11	13	11	16	16	14	20	11	17	11
341144	M458	13	25	16	10	11	13	11	16	16	14	20	11	16	11
258906	M458	13	25	16	10	11	13	11	16	16	14	20	11	17	11
711313	M458	13	25	16	10	11	13	11	16	16	14	20	11	17	11
N81440	M458	13	25	16	10	11	13	11	16	16	14	20	11	16	11
742273	M458	13	25	16	10	11	13	11	16	17	14	20	11	17	11
320390	M458	13	25	16	10	12	13	11	16	16	14	19	11	17	11
348967	M458	13	25	16	10	12	13	11	16	17	14	20	10	16	11
N64303	M458	13	25	16	10	11	13	11	16	16	14	20	10	17	11
656827	M458	13	26	16	10	12	13	11	16	17	14	20	11	17	11
430435	M458	13	26	16	10	11	13	11	16	16	14	20	11	17	11
119733	M458	13	25	16	10	12	13	11	17	17	14	20	11	17	11
272073	M458	13	24	16	10	12	13	11	17	18	14	20	11	18	11
N89726	M458	13	25	16	10	12	13	11	17	16	14	20	12	17	11
460965	M458	13	25	16	10	11	13	11	17	16	14	20	11	17	11
43630	M458	13	25	16	10	13	13	11	16	16	14	20	11	17	11
221445	M458	13	26	15	10	11	13	11	16	16	14	20	11	17	11
185654	M458	13	25	16	10	11	13	11	16	16	14	20	11	17	11
223458	M458	13	25	16	10	11	13	11	16	16	14	20	11	17	11
E10748	M458	13	25	16	10	11	13	11	16	16	14	20	11	17	11
N45578	M458	13	25	16	10	11	13	11	16	17	14	20	11	17	11
N22469	M458	13	25	15	10	11	13	11	16	16	14	20	10	17	11
602718	M458	13	25	16	10	11	13	11	16	18	15	20	11	17	11
242926	M458	13	25	15	10	12	13	11	17	16	14	20	11	17	11
207987	M458	13	25	16	10	11	13	11	16	16	14	20	11	17	11
365416	M458	13	24	16	10	11	13	11	16	16	14	20	11	17	11
435085	M458	13	25	15	10	12	13	11	17	18	14	20	11	17	11
18000	M458	13	25	16	10	11	13	11	16	16	14	20	11	16	11
B196005	M458	13	25	16	10	11	13	11	16	16	14	20	11	17	11
764644	M458	13	25	16	10	11	13	11	16	16	14	20	11	17	11
85347	M458	13	25	16	10	11	13	11	16	17	14	20	11	17	11
593762	M458	13	25	16	10	11	13	11	17	15	14	20	11	16	11
110301	M458	13	25	16	10	11	13	11	18	16	14	20	11	15	11
N115855	M458	13	25	16	10	12	13	11	16	16	14	20	11	18	11
265716	M458	13	25	16	10	11	13	11	17	16	14	20	11	17	11
463007	M458	13	25	16	10	11	14	11	16	16	14	20	11	17	11
333675	M458	13	25	17	10	12	13	11	16	16	14	20	10	16	11
B6749	M458	13	25	16	10	11	13	11	16	16	14	20	10	17	11
B3522	M458	13	25	16	10	11	13	11	16	16	14	20	11	17	11
B3873	M458	13	25	16	10	11	13	11	16	16	14	20	9	16	11
99647	M458	13	24	16	10	12	13	10	17	16	14	20	11	16	11
116518	M458	13	26	16	10	12	13	11	17	16	14	20	11	16	11
223763	M458	13	24	17	10	11	13	11	17	14	14	20	10	15	11
350686	M458	13	25	17	10	11	12	11	17	15	14	20	10	16	11
352723	M458	13	25	17	10	11	13	11	17	16	14	20	11	16	11
348785	M458	13	25	17	10	11	13	11	17	17	14	20	11	15	11
501398	M458	13	26	17	10	11	13	11	17	16	15	20	11	16	11
485602	M458	13	25	17	10	11	13	11	17	16	15	20	11	16	11
531086	M458	13	25	17	10	11	13	11	17	16	15	20	11	16	11
697243	M458	13	25	17	10	11	13	11	17	16	15	20	11	16	11
N14380	M458	13	25	17	10	11	13	11	17	16	14	20	10	16	11
N115549	M458	13	25	17	10	12	13	11	17	16	14	20	10	16	11
12044	M458	13	25	16	10	11	13	11	18	16	14	20	10	16	11
485684	M458	13	25	17	10	12	13	11	17	16	14	19	11	16	11
B11203	M458	13	25	17	10	11	13	11	17	17	14	20	12	16	11
348147	M458	13	25	16	10	10	13	11	17	18	14	20	11	16	11
221367	M458	13	25	17	10	10	13	11	17	18	14	20	11	16	11
46336	M458	13	25	17	10	10	13	11	17	17	14	20	11	16	11
293642	M458	13	25	17	10	12	13	11	17	17	14	20	10	16	11
729934	M458	13	25	17	10	10	14	11	17	17	14	20	11	16	11
714429	M458	13	25	17	11	10	13	11	17	17	14	20	11	16	11
366687	M458	13	26	16	10	11	13	11	18	17	14	20	10	15	11
283747	M458	13	26	16	10	10	13	11	17	17	14	21	11	15	11
329354	M458	13	26	16	10	10	13	11	17	17	14	21	11	15	11
372176	M458	13	26	16	10	10	13	11	17	17	14	21	11	15	11
329355	M458	13	26	17	10	10	13	11	17	17	14	21	11	15	11
170326	M458	13	25	17	10	10	13	11	18	17	14	20	11	16	11
186949	M458	13	26	16	10	10	13	11	17	16	14	20	11	15	11
329542	M458	13	25	17	10	10	13	11	17	17	14	20	12	15	11
N77026	M458	13	25	16	10	10	13	11	17	17	14	21	11	16	11
N25795	M458	13	25	16	10	10	13	11	17	17	14	21	12	16	11
228012	M458	13	26	16	10	10	13	11	18	17	14	20	12	16	11
412391	M458	13	25	16	10	11	13	11	17	16	14	20	11	16	11
364706	M458	13	25	16	11	10	13	11	17	17	14	20	11	15	11
267115	M458	13	25	17	10	10	13	11	17	16	14	20	11	16	11
192843	M458	13	27	17	10	10	14	11	16	17	14	20	11	16	11
368775	M458	13	25	17	10	10	13	11	17	16	14	20	11	16	11
155277	M458	13	24	16	10	10	14	11	17	16	14	20	11	15	11
N1840	M458	13	25	17	10	11	14	11	17	16	14	20	11	16	11
4623	M458	13	25	17	10	10	13	11	17	16	14	20	11	15	11
301399	M458	13	25	15	10	10	13	11	17	16	14	20	11	15	11
346450	M458	13	25	15	10	10	13	11	17	16	14	20	11	15	11
188095	M458	13	25	15	10	10	13	11	17	16	14	20	10	15	11
330192	M458	13	25	15	10	10	13	11	17	16	14	20	11	16	11
132305	M458	13	25	17	10	10	14	11	17	16	14	20	11	17	11
229925	M458	13	25	17	10	10	13	11	17	16	14	20	11	15	11
227637	M458	13	25	16	10	10	13	11	17	16	14	20	10	16	11
346940	M458	13	25	17	10	10	13	11	17	16	14	20	11	16	11
270528	M458	13	25	17	10	10	13	11	17	16	14	20	11	16	11
274768	M458	13	25	17	10	10	14	11	18	16	14	19	11	15	11
275211	M458	13	25	17	10	11	13	11	17	16	14	20	11	16	11
271438	M458	13	25	16	10	10	13	11	17	16	14	20	11	16	11
31257	M458	13	25	17	10	10	13	11	17	16	14	20	11	16	11
182124	M458	13	25	17	10	11	13	11	18	16	14	20	11	17	11
367565	M458	13	25	17	10	10	13	11	18	16	14	20	11	16	11
524612	M458	13	24	17	10	10	14	11	17	15	14	20	11	15	11
350668	M458	13	25	16	10	11	13	11	17	17	14	20	12	17	11
118487	M458	13	25	17	10	10	13	11	18	16	14	20	11	16	11
154913	M458	13	25	17	10	10	13	11	18	16	14	20	11	16	11
179688	M458	13	25	17	11	10	13	11	17	16	14	20	10	15	11
684473	M458	13	25	17	10	10	13	11	17	16	14	19	11	17	11
733254	M458	13	25	17	10	10	13	11	17	16	14	20	11	16	11
646014	M458	13	25	17	10	10	13	11	17	16	14	20	11	16	11
518747	M458	13	25	17	10	10	13	11	17	16	14	20	11	16	11
267699	M458	13	25	17	10	10	13	11	17	16	14	20	11	16	11
136364	M458	13	26	17	10	10	13	11	17	17	14	20	11	16	11
343393	M458	13	25	15	10	10	13	11	18	18	14	20	11	16	11
330498	M458	13	25	16	10	10	13	11	17	19	14	20	11	15	11
E13418	M458	13	25	17	10	10	13	11	17	16	14	20	11	15	11
358813	M458	13	25	18	10	10	13	11	17	16	14	21	11	15	11
221167	M458	13	25	17	10	10	13	11	17	16	14	20	11	16	11
252338	M458	13	25	17	10	10	12	11	18	16	14	20	11	16	11
309759	M458	13	25	16	10	10	13	12	17	17	14	20	11	15	11
417689	M458	13	24	17	10	10	14	11	17	18	14	20	12	16	11
115789	M458	13	25	16	10	10	13	11	16	16	14	20	11	16	11
342796	M458	13	25	16	10	10	13	11	17	16	14	20	11	16	11
227065	M458	13	25	16	10	10	13	11	17	17	14	20	11	16	12
225327	M458	13	25	16	10	10	13	11	17	17	14	20	11	16	11
220070	M458	13	25	16	10	10	14	11	16	16	14	20	11	18	11
418630	M458	13	25	16	10	11	14	11	17	17	14	20	11	17	11
364550	M458	13	25	16	11	10	13	11	19	17	14	20	11	15	11
N18946	M458	13	25	17	10	10	13	11	17	17	14	20	11	15	11
746543	M458	13	25	17	10	10	13	11	17	17	14	20	11	17	11
B2438	M458	13	25	17	10	10	13	11	18	16	14	20	11	16	11
85265	M458	13	25	17	10	10	13	11	18	17	14	20	11	16	11
349553	M458	13	25	17	10	10	14	11	17	17	15	20	11	16	10
232418	M458	13	25	17	10	10	14	11	17	17	14	20	11	16	11
H1218	M458	13	25	17	10	10	14	11	18	16	14	20	11	16	11
627031	M458	13	25	17	10	11	13	11	17	17	14	20	11	16	11
B1185	M458	13	25	17	10	10	13	11	17	16	14	20	11	16	11
562676	M458	13	25	17	10	10	12	11	17	17	14	19	11	16	11
329549	M458	13	25	17	10	10	13	11	17	17	14	20	12	16	11
152680	M458	14	25	17	10	11	13	11	16	16	14	20	10	16	11
E17639	M458	14	25	16	10	11	13	11	16	17	14	20	11	18	11
B1191	M458	14	24	16	10	11	13	11	16	16	14	20	11	16	11
770230	M458	14	25	17	10	10	13	11	17	17	14	20	11	16	11
181775	M458	15	24	17	10	10	13	11	17	16	14	20	11	15	11
216055	Z280	12	26	16	11	10	13	11	17	17	14	20	12	16	11
335716	Z280	13	25	15	11	10	14	11	16	15	14	20	12	15	11
8203	Z280	13	25	15	11	10	13	11	17	15	14	19	11	15	11
251386	Z280	13	25	16	11	10	13	11	17	16	14	19	11	15	11
262061	Z280	13	25	15	11	10	12	11	17	15	14	21	12	16	11
283782	Z280	13	25	15	11	10	13	11	16	16	14	21	12	16	11
B3323	Z280	13	24	16	10	10	14	12	18	15	14	20	11	15	11
N58300	Z280	13	24	16	11	10	13	12	18	15	14	20	10	15	11
118439	Z280	13	24	16	10	10	14	12	17	15	14	20	11	15	11
119558	Z280	13	24	17	10	10	14	12	17	15	14	20	11	15	11
153611	Z280	13	24	16	10	10	14	12	17	15	14	20	11	15	11
B1494	Z280	13	24	16	10	10	14	12	17	15	14	20	11	15	11
303634	Z280	13	25	15	11	10	12	11	17	13	14	20	11	14	11
213386	Z280	13	26	16	10	10	12	11	17	13	14	20	11	16	11
154059	Z280	13	26	16	11	10	13	11	17	15	14	20	12	15	11
257732	Z280	13	25	16	10	11	13	11	18	15	14	20	11	14	11
N6911	Z280	13	25	16	10	11	13	11	18	15	14	20	11	14	11
338836	Z280	13	25	16	10	11	13	11	19	15	14	20	11	14	11
147397	Z280	13	25	16	10	11	13	11	17	15	14	20	11	14	11
288101	Z280	13	25	16	10	11	13	11	18	15	14	20	11	14	11
59585	Z280	13	25	16	10	11	13	11	18	15	14	20	11	14	11
357695	Z280	13	25	16	10	11	13	11	19	15	14	20	11	14	11
119216	Z280	13	24	16	11	10	13	11	17	15	14	20	12	17	11
142452	Z280	13	24	17	10	10	13	11	17	15	14	20	11	16	11
N38097	Z280	13	23	15	10	10	13	11	17	15	14	20	12	17	11
N74750	Z280	13	25	16	11	11	13	12	17	16	14	20	12	17	11
210460	Z280	13	25	16	11	11	13	11	17	16	14	20	12	17	11
310866	Z280	13	25	15	11	10	14	11	17	15	14	20	11	16	11
262771	Z280	13	26	15	11	10	14	11	18	15	14	20	11	14	11
128378	Z280	13	26	15	11	10	14	11	17	15	14	20	11	16	11
132531	Z280	13	24	16	11	10	13	11	17	15	14	20	11	16	11
270033	Z280	13	24	16	11	10	13	11	17	15	14	20	11	16	11
164489	Z280	13	23	15	11	10	13	11	17	15	14	20	12	16	11
184035	Z280	13	24	15	11	10	13	11	16	15	14	20	13	16	11
211899	Z280	13	24	15	11	11	13	11	17	15	14	20	13	16	11
N12214	Z280	13	24	15	11	11	13	11	18	15	14	20	13	16	11
144438	Z280	13	25	16	10	10	12	11	16	15	14	20	10	15	11
329713	Z280	13	25	16	10	10	12	11	16	15	14	20	10	15	11
294254	Z280	13	24	17	11	10	14	11	16	16	14	20	10	16	11
270787	Z280	13	25	16	11	10	13	11	16	15	14	20	10	17	11
499513	Z280	13	25	15	11	10	13	11	17	15	14	20	12	15	11
183681	Z280	13	24	17	11	10	14	11	16	14	14	20	12	17	10
421841	Z280	13	25	16	10	10	13	11	17	15	14	20	12	16	12
299981	Z280	13	25	16	11	10	13	11	17	15	14	20	12	16	12
N13520	Z280	13	25	16	11	10	13	11	17	15	14	20	12	16	12
353681	Z280	13	25	15	10	10	13	11	17	14	14	20	12	16	11
71994	Z280	13	24	15	11	10	13	11	17	14	14	20	12	16	11
N70604	Z280	13	24	15	10	10	13	11	16	14	14	20	12	17	11
B13774	Z280	13	25	15	11	11	13	11	17	15	14	20	12	17	11
199944	Z280	13	25	16	10	12	13	11	17	15	14	20	11	16	11
266563	Z280	13	25	16	11	11	13	11	17	15	14	20	12	17	11
155785	Z280	13	25	16	11	11	14	11	17	16	14	20	12	16	11
46500	Z280	13	25	15	11	11	13	11	17	16	14	20	12	18	11
170611	Z280	13	25	15	11	11	13	11	17	16	14	20	12	17	11
284992	Z280	13	25	15	11	11	13	11	17	17	14	19	11	18	11
N68879	Z280	13	25	15	11	11	13	11	17	16	14	20	11	18	11
158625	Z280	13	25	15	11	11	13	11	17	16	14	20	11	17	11
513596	Z280	13	24	15	11	11	13	11	17	17	14	20	12	18	11
155068	Z280	13	24	15	10	10	13	11	16	15	14	20	11	17	11
263026	Z280	13	25	15	10	12	14	11	16	15	14	20	12	18	11
383275	Z280	13	25	15	10	11	13	11	16	16	14	20	11	18	11
N78279	Z280	13	26	15	10	13	13	11	16	15	14	21	12	18	11
B7738	Z280	13	25	15	10	11	14	11	16	15	14	20	12	18	11
562677	Z280	13	25	15	10	11	14	11	16	15	14	20	12	18	11
562675	Z280	13	26	15	10	11	13	11	16	16	14	20	11	18	11
119580	Z280	13	26	15	10	11	13	11	16	15	14	20	12	18	11
393985	Z280	13	26	16	10	11	13	11	16	15	14	20	12	18	11
70291	Z280	13	25	15	10	11	13	11	16	15	14	20	12	17	11
357453	Z280	13	25	15	10	11	13	11	16	15	14	20	11	18	11
521730	Z280	13	26	16	10	11	13	11	16	15	14	20	12	18	11
173752	Z280	13	25	15	10	11	14	11	16	15	14	20	12	18	11
242224	Z280	13	24	15	11	11	13	11	16	15	14	20	12	17	11
221387	Z280	13	25	15	10	11	13	11	16	15	14	20	12	18	11
358487	Z280	13	25	15	11	11	13	11	16	15	14	20	13	18	11
N24335	Z280	13	26	15	10	11	13	11	16	15	14	20	11	18	11
156436	Z280	13	26	15	11	11	13	11	16	15	14	20	12	19	11
58530	Z280	13	25	16	11	11	13	11	17	15	14	20	11	17	11
272683	Z280	13	24	16	11	12	14	11	17	15	14	20	12	17	11
333830	Z280	13	25	15	11	11	13	11	17	15	14	20	12	17	11
317343	Z280	13	25	16	11	11	13	11	17	15	14	20	12	16	11
279653	Z280	13	25	16	11	11	13	11	18	15	14	20	12	16	11
359328	Z280	13	25	16	11	11	13	11	18	15	14	20	12	17	11
735787	Z280	13	25	16	11	11	13	11	17	16	14	20	12	17	11
540822	Z280	13	25	16	10	11	13	11	17	16	14	20	11	17	11
331278	Z280	13	25	16	10	11	13	11	17	16	14	20	11	17	11
B6861	Z280	13	25	16	10	11	13	11	17	16	14	20	12	17	11
B3415	Z280	13	24	16	10	11	13	11	17	15	14	20	12	17	11
77875	Z280	13	25	16	10	11	13	11	17	15	14	20	13	17	12
E6498	Z280	13	24	16	10	11	13	11	17	17	14	20	11	17	11
N49064	Z280	13	25	16	11	11	13	11	17	17	14	20	11	16	11
57872	Z280	13	25	16	11	11	13	11	17	17	14	20	11	17	11
189990	Z280	13	25	16	11	11	13	11	17	17	14	20	11	16	11
169059	Z280	13	25	17	12	11	13	11	17	17	14	20	11	17	11
213870	Z280	13	25	15	10	11	13	11	17	17	14	20	10	17	11
197855	Z280	13	25	15	10	11	13	11	17	17	14	20	10	17	11
225697	Z280	13	25	17	10	12	14	11	17	15	14	20	11	16	11
144420	Z280	13	25	15	11	11	13	11	17	16	14	20	12	17	12
98340	Z280	13	25	17	11	11	14	11	17	15	14	20	12	15	11
316721	Z280	13	25	16	11	11	13	11	17	15	14	20	13	15	11
362587	Z280	13	25	16	11	12	13	11	17	15	14	20	13	15	11
327834	Z280	13	23	16	10	10	15	11	16	15	14	20	12	16	11
247448	Z280	13	25	16	10	10	13	11	17	15	14	20	11	17	11
320105	Z280	13	25	15	10	10	14	11	17	16	14	20	10	17	11
266308	Z280	13	24	16	10	10	13	11	17	15	14	20	11	17	12
148350	Z280	13	25	16	10	10	13	11	17	15	14	20	12	18	12
181827	Z280	13	25	16	10	11	13	11	17	15	14	20	11	17	12
N112810	Z280	13	24	16	10	10	13	11	17	15	14	20	12	17	11
87919	Z280	13	25	17	10	10	13	11	16	15	14	20	11	17	11
370784	Z280	13	24	15	10	10	13	11	16	15	14	20	11	15	11
330000	Z280	13	25	16	10	10	13	11	17	15	14	20	11	17	11
123962	Z280	13	25	16	11	10	13	11	17	16	14	20	11	18	11
N78724	Z280	13	25	17	10	10	13	11	17	17	14	20	11	17	11
98957	Z280	13	25	16	10	10	13	11	17	15	14	20	11	17	11
N14318	Z280	13	24	15	10	10	13	10	17	16	14	20	11	17	11
N84261	Z280	13	24	15	10	10	13	11	17	15	14	20	10	17	11
230314	Z280	13	25	15	10	10	13	11	18	15	14	20	11	17	11
644559	Z280	13	25	15	11	11	13	11	-13	15	14	20	12	17	11
N112858	Z280	13	25	15	10	10	13	11	18	15	14	20	10	17	11
527776	Z280	13	23	16	10	10	13	11	17	15	14	20	11	17	11
157499	Z280	13	25	15	10	10	13	11	17	15	14	20	11	17	11
N105504	Z280	13	25	16	10	10	13	11	17	14	14	20	11	17	11
415467	Z280	13	25	16	10	10	13	11	17	16	14	20	11	17	11
329032	Z280	13	25	16	10	10	13	11	17	16	14	20	11	17	11
N11241	Z280	13	25	16	10	10	13	11	16	15	14	20	11	17	11
454742	Z280	13	25	16	10	10	13	11	17	15	14	20	11	17	11
E2159	Z280	13	25	16	10	10	13	11	17	15	14	20	11	17	11
275076	Z280	13	25	17	10	10	14	11	17	14	14	20	10	17	11
215906	Z280	13	25	16	10	10	13	11	17	15	14	20	11	18	11
318657	Z280	13	24	16	10	10	13	11	18	15	14	20	11	17	11
351862	Z280	13	25	16	10	10	13	11	17	16	14	20	11	17	11
251521	Z280	13	25	16	10	10	13	11	17	15	14	20	11	17	11
N100889	Z280	13	25	15	10	10	13	11	17	15	14	20	11	18	11
321956	Z280	13	25	15	10	12	13	11	17	15	14	20	11	17	11
222513	Z280	13	25	16	10	10	13	11	17	15	14	20	11	18	11
206668	Z280	13	25	16	10	10	13	11	17	15	14	19	11	16	11
E11426	Z280	13	26	15	10	10	13	11	16	15	14	20	12	16	11
H1727	Z280	13	25	16	10	10	13	11	17	15	14	20	11	17	11
322603	Z280	13	26	16	10	10	14	11	16	15	14	20	12	16	11
177693	Z280	13	25	16	10	11	13	11	17	15	14	20	11	15	11
N111143	Z280	13	25	16	11	11	13	11	17	15	14	19	11	15	11
N31577	Z280	13	25	16	11	10	13	11	17	15	14	20	11	16	11
429409	Z280	13	25	15	11	10	13	11	17	16	14	21	11	15	11
755571	Z280	13	24	16	11	11	13	11	17	15	14	20	11	16	11
257566	Z280	13	25	16	11	10	13	11	17	15	14	20	11	16	11
E10170	Z280	13	25	16	11	11	14	11	17	15	14	20	11	16	11
247183	Z280	13	25	15	11	10	13	12	19	15	14	20	11	16	11
297792	Z280	13	25	16	10	10	13	11	17	15	14	20	11	16	11
327390	Z280	13	25	16	11	10	13	11	17	16	14	20	11	16	11
143121	Z280	13	25	16	11	10	13	11	16	15	14	20	11	15	11
207062	Z280	13	25	16	11	10	13	11	17	16	14	20	11	15	11
B119694	Z280	13	25	16	11	11	13	11	17	14	14	20	11	15	11
211024	Z280	13	25	17	10	10	13	11	17	16	14	20	11	16	11
175710	Z280	13	25	15	11	10	13	11	17	15	14	20	11	16	11
598043	Z280	13	25	16	11	10	13	11	18	12	14	20	11	15	11
312458	Z280	13	25	16	11	10	13	11	17	15	14	20	10	17	11
E1979	Z280	13	25	16	11	10	13	11	17	15	14	20	10	15	11
N115400	Z280	13	26	16	11	10	12	11	17	15	14	20	11	16	11
458112	Z280	13	25	15	11	10	12	11	17	15	14	20	11	16	11
202194	Z280	13	25	16	11	11	13	11	17	17	14	20	11	16	11
219846	Z280	13	25	16	10	10	13	11	16	15	14	20	11	15	11
225593	Z280	13	25	16	11	10	13	11	16	15	14	20	10	16	11
220622	Z280	13	25	16	11	10	13	11	17	15	14	20	11	16	11
230222	Z280	13	25	17	11	10	13	11	17	16	14	20	11	16	11
206758	Z280	13	26	16	11	10	13	11	17	15	14	20	11	16	11
249066	Z280	13	25	15	11	10	13	11	17	14	14	20	11	16	11
297289	Z280	13	25	15	11	10	13	11	17	15	14	20	11	16	11
N113225	Z280	13	25	16	11	10	13	11	17	15	14	20	11	16	11
315440	Z280	13	25	16	10	11	13	11	18	15	14	20	11	16	11
322828	Z280	13	25	16	11	10	13	11	17	15	14	20	11	16	11
372480	Z280	13	25	16	11	10	14	11	18	16	14	20	11	16	11
547612	Z280	13	25	15	11	10	13	11	16	15	14	20	11	16	11
311040	Z280	13	25	16	11	10	13	11	17	15	14	20	11	16	11
524400	Z280	13	25	16	11	10	13	11	17	15	14	20	11	16	11
749359	Z280	13	25	16	11	11	13	11	17	15	14	20	11	16	11
721381	Z280	13	25	16	11	10	14	11	17	14	14	20	11	16	11
359832	Z280	13	25	16	11	10	14	11	17	16	14	20	11	16	11
N64337	Z280	13	25	16	11	10	14	11	17	15	14	20	10	16	11
357390	Z280	13	25	16	11	10	14	11	17	15	14	20	10	16	11
297896	Z280	13	24	15	11	10	14	11	17	15	14	20	11	16	11
107819	Z280	13	24	16	11	10	14	11	17	13	14	20	11	16	11
239261	Z280	13	24	16	11	10	14	11	17	15	14	20	11	19	11
N109398	Z280	13	25	16	11	10	14	11	16	14	14	21	11	16	11
372422	Z280	13	25	16	11	10	14	11	17	14	14	20	11	16	11
538440	Z280	13	25	16	11	10	14	11	17	15	14	20	11	17	12
B1548	Z280	13	25	16	11	10	14	11	17	15	14	20	11	18	11
186229	Z280	13	25	16	11	11	14	11	17	18	14	20	11	17	11
173508	Z280	13	25	16	11	10	14	11	17	15	14	20	11	16	11
229743	Z280	13	25	15	11	10	14	11	17	15	14	20	11	16	11
532648	Z280	13	25	16	11	10	14	11	17	15	14	20	10	16	11
199037	Z280	13	25	16	11	10	14	11	17	15	14	20	10	16	11
222891	Z280	13	25	16	11	10	14	11	17	15	14	20	11	15	11
N3969	Z280	13	25	16	11	10	14	11	17	15	14	20	11	17	11
155802	Z280	13	25	16	11	10	14	11	17	15	14	20	11	17	11
N86413	Z280	13	25	15	11	10	14	11	17	15	14	20	11	17	11
N54959	Z280	13	25	16	11	10	14	11	17	16	14	20	11	16	11
355197	Z280	13	25	16	11	10	14	11	17	15	14	20	11	17	11
131361	Z280	13	26	16	11	10	15	11	16	14	14	20	11	17	11
N78924	Z280	13	25	16	11	10	14	11	17	15	14	20	11	16	11
255273	Z280	13	25	16	9	10	14	11	17	15	14	20	11	17	11
374793	Z280	13	25	16	11	10	14	11	18	15	14	20	11	16	11
191700	Z280	13	24	16	11	10	14	11	17	15	14	20	11	16	11
148223	Z280	13	25	16	11	11	14	11	17	15	14	20	11	16	11
H1173	Z280	13	24	16	11	10	14	11	16	15	14	20	11	17	11
B225822	Z280	13	25	16	11	10	13	11	16	15	14	20	11	15	11
238574	Z280	13	25	15	11	10	13	11	17	15	14	20	10	15	11
224432	Z280	13	25	16	12	10	13	11	17	15	14	20	10	15	11
155259	Z280	13	25	15	11	10	13	11	17	14	14	19	11	16	11
472021	Z280	13	25	15	11	10	13	11	18	15	14	20	11	15	11
N113660	Z280	13	25	16	11	10	13	11	17	16	14	20	11	17	11
229583	Z280	13	25	16	11	10	13	11	16	16	14	20	11	16	11
690320	Z280	13	25	16	10	10	13	11	17	15	14	20	11	15	11
277824	Z280	13	25	16	10	10	13	11	17	16	14	20	11	15	11
306793	Z280	13	25	16	10	10	14	11	18	15	14	21	12	16	11
N70370	Z280	13	25	16	10	10	13	11	17	15	14	20	11	16	11
53122	Z280	13	25	16	10	10	13	11	18	15	14	20	11	17	11
192604	Z280	13	25	16	11	10	13	11	17	15	14	20	11	16	11
150629	Z280	13	25	16	11	11	13	11	16	15	14	20	10	16	11
236632	Z280	13	25	16	11	11	13	11	17	15	14	20	11	17	11
245346	Z280	13	25	16	11	11	13	11	18	16	14	20	12	17	11
N142225	Z280	13	25	16	11	11	13	11	17	15	14	20	11	16	11
290441	Z280	13	25	16	12	10	13	11	17	16	14	20	11	15	11
B112672	Z280	13	25	17	10	12	13	11	18	15	14	20	12	16	11
267061	Z280	13	25	17	11	11	13	11	17	15	14	20	13	16	11
105402	Z280	13	25	17	11	11	13	11	17	15	14	20	11	16	11
B1578	Z280	13	25	17	10	11	14	11	17	15	14	20	12	16	11
444953	Z280	13	25	17	11	11	12	11	17	15	14	19	12	16	11
B1171	Z280	13	26	17	10	11	13	11	18	15	14	20	11	16	11
78351	Z280	13	25	17	11	11	13	11	17	16	14	20	12	16	11
223715	Z280	13	24	17	11	11	13	11	17	15	14	20	12	17	11
98337	Z280	13	24	17	11	11	14	11	17	15	14	20	12	17	11
221125	Z280	13	25	17	11	11	13	11	17	14	14	20	12	16	11
164877	Z280	13	25	17	10	11	13	11	17	15	14	20	12	15	11
123156	Z280	13	25	17	11	11	12	11	17	15	14	20	10	16	11
113652	Z280	13	26	17	11	11	13	11	17	15	14	20	12	15	11
E4464	Z280	13	26	17	11	11	13	11	17	15	14	20	12	16	11
198727	Z280	13	26	17	11	11	13	11	17	15	14	20	11	15	11
65336	Z280	13	26	17	10	11	13	11	17	16	14	20	12	15	11
313574	Z280	13	26	17	11	11	13	11	17	15	14	20	11	16	11
265495	Z280	13	25	17	11	11	13	11	17	15	14	20	12	16	11
160427	Z280	13	26	17	11	11	13	11	17	15	14	20	12	16	11
464438	Z280	13	24	17	11	11	13	11	17	16	14	20	11	15	11
42344	Z280	13	25	17	10	11	13	11	18	15	14	20	11	16	11
N100213	Z280	13	25	16	11	12	13	11	18	15	14	20	12	16	11
330940	Z280	13	25	17	11	11	13	11	16	15	14	20	12	16	11
U2854	Z280	13	25	18	11	11	13	11	17	15	14	20	12	16	11
341864	Z280	13	24	17	11	11	13	11	17	15	14	21	11	15	11
194671	Z280	13	25	17	10	11	13	11	17	15	14	21	11	16	11
B2940	Z280	13	25	17	11	10	13	11	18	16	14	21	11	15	11
374092	Z280	13	24	16	11	11	13	11	17	15	14	21	11	16	11
341865	Z280	13	25	16	11	11	13	11	17	15	14	21	11	15	11
449577	Z280	13	25	16	11	12	13	11	17	15	14	21	11	16	11
309331	Z280	13	25	16	12	11	13	11	17	15	14	21	11	16	11
371504	Z280	13	25	17	11	11	13	11	16	15	14	21	11	16	11
292247	Z280	13	25	17	11	11	13	11	16	15	14	21	11	16	11
276240	Z280	13	25	17	11	11	13	11	16	15	14	21	11	16	11
263173	Z280	13	25	17	11	11	13	11	17	15	14	20	11	16	11
312988	Z280	13	25	17	11	11	13	11	17	15	14	20	11	16	11
289281	Z280	13	25	17	11	11	13	11	17	15	14	21	11	16	11
E14821	Z280	13	25	17	11	11	13	11	17	15	14	21	11	16	11
E15896	Z280	13	25	17	11	11	13	11	17	15	14	21	11	16	11
311906	Z280	13	25	17	11	11	13	11	17	15	14	21	11	16	11
324172	Z280	13	25	17	11	11	13	11	17	15	14	21	11	16	11
E16535	Z280	13	25	17	11	11	13	11	17	15	14	21	11	16	11
356180	Z280	13	25	17	11	11	13	11	17	15	14	21	11	16	11
262506	Z280	13	25	17	11	11	13	11	17	15	14	21	11	16	11
294488	Z280	13	25	17	11	11	13	11	17	15	14	21	11	16	11
332043	Z280	13	25	17	11	11	13	11	17	15	14	21	11	15	11
399023	Z280	13	25	17	11	11	13	11	17	15	14	21	11	15	11
374077	Z280	13	25	17	11	11	13	11	17	15	14	21	11	16	11
327196	Z280	13	25	17	11	11	13	11	17	15	14	21	11	16	11
281075	Z280	13	25	17	11	11	13	11	17	15	14	21	11	16	11
374091	Z280	13	25	17	11	11	13	11	17	15	14	21	10	16	11
302248	Z280	13	25	17	11	11	13	11	17	15	14	21	10	16	11
374076	Z280	13	25	17	11	11	13	11	17	15	14	21	11	15	11
320106	Z280	13	25	17	11	11	13	11	17	16	14	21	11	16	11
442470	Z280	13	25	17	11	11	13	11	17	16	14	21	11	16	11
287378	Z280	13	25	17	11	11	13	11	17	16	14	21	11	16	11
285560	Z280	13	25	17	11	12	13	11	17	15	14	21	11	16	11
406461	Z280	13	25	17	11	11	13	11	17	15	14	21	10	15	11
483362	Z280	13	25	17	11	12	13	11	17	15	14	21	11	16	11
295426	Z280	13	25	17	11	11	13	11	17	15	14	22	11	16	11
284222	Z280	13	25	17	11	11	13	11	17	15	14	22	11	15	11
282811	Z280	13	25	17	11	11	13	11	17	15	14	22	11	16	11
N101049	Z280	13	25	17	11	11	13	11	17	15	14	20	13	16	11
291220	Z280	13	25	17	11	11	13	11	17	15	14	20	11	16	12
107230	Z280	13	24	17	11	10	13	11	17	14	14	20	13	15	11
218889	Z280	13	24	17	11	10	13	11	17	14	14	20	12	15	11
330339	Z280	13	24	17	11	10	13	11	17	14	14	20	12	15	11
347325	Z280	13	24	17	11	10	13	11	17	14	14	20	12	15	11
334176	Z280	13	25	17	11	10	13	11	17	14	14	20	12	15	11
213678	Z280	13	25	17	11	10	13	11	18	14	14	20	12	15	11
N52262	Z280	13	25	17	10	10	13	11	17	14	14	20	11	15	11
N52259	Z280	13	25	17	10	10	13	11	17	14	14	20	11	15	11
70990	Z280	13	25	17	11	10	13	11	18	14	14	20	11	16	11
N156262	Z280	13	25	17	10	10	13	11	18	14	14	20	12	16	11
280071	Z280	13	25	17	11	10	13	11	18	14	14	20	12	16	11
329518	Z280	13	25	17	11	11	14	11	18	14	14	20	12	16	11
N53213	Z280	13	25	17	11	10	13	11	18	14	14	20	12	16	11
34005	Z280	13	25	17	11	10	13	11	17	12	14	20	12	15	9
149764	Z280	13	25	17	11	10	13	11	18	13	14	20	12	16	8
196067	Z280	13	25	17	11	10	13	11	18	15	14	20	12	17	11
227388	Z280	13	25	15	11	10	13	11	17	14	14	20	12	16	11
192605	Z280	13	25	17	11	10	13	11	17	14	14	20	11	17	11
B1851	Z280	13	25	17	10	10	13	11	17	14	14	20	12	15	11
N16931	Z280	13	25	17	11	10	13	11	18	14	14	20	12	15	11
N7115	Z280	13	25	17	11	10	13	11	18	14	14	20	12	15	11
196509	Z280	13	25	17	11	10	13	11	18	14	14	20	11	17	11
270329	Z280	13	25	17	11	10	14	11	17	14	14	20	12	16	11
280015	Z280	13	24	17	11	10	13	11	18	14	14	20	12	16	11
N62965	Z280	13	26	17	11	10	13	11	18	14	14	20	12	16	11
628576	Z280	13	24	17	11	10	13	11	17	14	14	20	11	16	11
256915	Z280	13	25	16	11	10	13	11	18	15	14	20	12	16	11
672961	Z280	13	25	17	10	11	13	11	18	14	14	19	11	16	11
87895	Z280	13	25	17	11	10	12	11	18	14	14	20	11	16	11
E8695	Z280	13	25	17	11	10	13	11	17	14	14	20	12	15	11
781781	Z280	13	25	17	11	10	13	11	18	14	14	20	12	15	11
429952	Z280	13	25	16	11	10	13	11	17	16	14	20	12	15	11
551905	Z280	13	25	16	11	10	13	11	17	15	14	20	12	15	11
155492	Z280	13	25	16	11	10	13	11	18	15	14	20	11	16	11
114126	Z280	13	25	16	11	10	14	11	17	15	14	20	12	15	11
500853	Z280	13	24	16	11	11	13	11	17	15	14	20	12	16	11
N151144	Z280	13	25	17	11	10	13	11	17	15	14	20	11	16	11
B12538	Z280	13	25	16	10	10	13	11	17	15	14	22	12	17	11
IN11277	Z280	13	25	16	10	9	13	11	17	15	14	22	12	16	11
152839	Z280	13	26	16	11	9	13	11	17	15	14	22	12	16	11
149765	Z280	13	25	16	11	11	13	11	16	15	14	21	13	16	11
277821	Z280	13	25	16	10	10	13	11	17	16	14	21	11	15	11
337011	Z280	13	24	16	11	11	14	12	16	15	14	22	11	18	11
N81558	Z280	13	25	17	11	10	13	11	18	16	14	22	11	17	11
N153935	Z280	13	25	17	11	10	14	11	17	15	14	22	12	17	11
218693	Z280	13	24	16	11	10	13	11	17	16	14	20	11	16	11
E11377	Z280	13	24	16	11	10	13	11	17	16	14	20	11	16	11
749514	Z280	13	24	16	11	10	13	11	17	16	14	20	11	16	11
226357	Z280	13	25	15	11	10	13	11	18	15	14	20	12	16	11
274190	Z280	13	26	16	10	10	13	11	17	15	14	20	11	15	11
60048	Z280	13	26	16	10	10	13	11	17	15	14	20	11	15	11
291295	Z280	13	25	16	10	10	13	11	17	16	14	20	11	15	11
193660	Z280	13	25	15	11	10	13	11	18	15	14	19	12	16	11
193745	Z280	13	25	15	11	10	13	11	19	15	14	19	12	16	11
N8884	Z280	13	25	17	11	10	13	11	17	17	14	20	11	15	11
311318	Z280	13	25	17	11	10	13	11	17	18	14	20	11	15	11
281908	Z280	13	25	16	11	9	13	11	17	16	14	20	11	15	11
374442	Z280	13	24	16	10	10	13	11	16	17	14	20	11	16	11
B1615	Z280	13	25	15	11	10	13	0	17	17	14	20	11	16	12
260243	Z280	13	25	15	11	10	13	11	16	17	14	20	11	17	11
319431	Z280	13	25	15	11	10	13	11	17	18	14	20	11	16	12
271891	Z280	13	25	15	10	10	13	11	17	17	14	20	11	16	12
175563	Z280	13	25	15	11	10	13	11	17	17	14	20	11	16	12
N38416	Z280	13	27	16	11	10	13	11	16	18	14	20	11	16	12
N2335	Z280	13	25	15	11	10	13	11	17	17	14	20	11	16	12
E9666	Z280	13	25	15	11	10	13	11	17	18	14	20	11	16	12
100135	Z280	13	25	15	11	11	13	11	16	17	14	20	11	16	12
233196	Z280	13	25	15	11	11	13	11	18	18	14	20	11	17	12
B3789	Z280	13	25	15	11	11	13	11	18	17	14	20	11	16	12
221502	Z280	13	25	15	11	11	14	11	17	17	14	20	11	16	12
273593	Z280	13	25	15	11	10	13	11	17	18	14	20	11	17	12
153077	Z280	13	25	15	11	10	13	11	17	18	14	20	11	16	12
369511	Z280	13	25	15	11	10	13	11	17	17	14	20	11	15	11
276672	Z280	13	24	15	11	10	13	11	17	17	14	20	11	15	11
165792	Z280	13	26	14	11	11	13	11	17	18	14	20	11	16	11
246277	Z280	13	25	15	10	10	13	11	18	19	14	20	11	15	11
B5909	Z280	13	25	15	11	10	13	11	18	18	14	20	11	16	11
656667	Z280	13	25	16	11	10	13	11	17	18	14	20	11	16	11
N50210	Z280	13	25	16	11	10	13	11	18	18	14	20	11	16	11
23292	Z280	13	24	15	11	11	13	11	17	17	14	20	11	15	11
268325	Z280	13	25	14	11	10	13	11	18	17	14	20	10	16	11
345666	Z280	13	25	16	10	10	13	11	17	17	14	20	10	16	11
253337	Z280	13	24	15	11	10	13	11	18	15	14	20	12	16	11
N136416	Z280	13	25	16	11	10	14	11	17	15	14	20	11	16	11
85285	Z280	13	26	16	11	10	13	11	16	15	14	20	11	15	11
147589	Z280	13	25	16	10	10	13	11	17	15	14	20	11	16	11
31286	Z280	13	25	16	11	10	14	11	18	15	14	20	12	16	11
297394	Z280	13	25	15	11	10	13	11	17	15	14	20	12	15	11
199043	Z280	13	25	17	11	10	13	11	17	15	14	20	12	15	11
162897	Z280	13	25	15	10	10	13	11	16	15	14	20	11	15	11
145898	Z280	13	25	16	11	11	13	11	16	15	14	21	13	15	11
219636	Z280	13	26	16	11	10	13	11	17	16	14	20	11	15	11
285630	Z280	13	25	17	11	10	13	11	18	15	14	20	12	15	11
255244	Z280	13	25	18	11	10	14	11	18	16	14	20	12	15	11
260248	Z280	13	25	15	10	10	13	11	17	15	14	20	12	15	11
260036	Z280	13	25	15	10	10	14	11	17	15	14	20	12	16	11
226554	Z280	13	25	17	12	10	13	11	18	15	14	20	11	15	11
131259	Z280	13	24	16	11	10	12	11	17	15	14	19	11	15	11
280357	Z280	13	24	16	11	10	12	11	17	15	14	20	11	15	11
323094	Z280	13	25	16	10	10	13	11	18	15	14	20	12	15	11
207573	Z280	13	25	16	12	10	13	11	17	15	14	20	12	15	11
255830	Z280	13	24	15	11	11	13	11	16	16	14	20	12	15	11
154364	Z280	13	25	16	11	10	13	11	17	15	14	20	11	16	11
196421	Z280	13	25	16	11	10	13	11	17	15	14	20	12	15	11
139847	Z280	13	24	15	11	10	13	11	18	14	14	20	10	16	11
90271	Z280	13	25	15	11	10	13	11	17	15	14	20	10	15	11
215487	Z280	13	25	16	11	10	13	11	17	15	14	20	11	16	11
596751	Z280	13	26	16	11	10	13	11	16	16	14	20	11	16	11
252860	Z280	13	25	16	11	11	13	11	17	16	14	20	11	15	11
213428	Z280	13	25	16	10	10	13	11	17	17	14	20	12	16	11
221288	Z280	13	25	16	11	10	12	11	17	16	14	20	12	16	11
220743	Z280	13	26	16	11	10	13	11	17	17	14	20	12	15	11
E17538	Z280	13	26	16	11	10	13	11	17	17	14	20	12	17	11
276592	Z280	13	25	16	11	10	13	11	17	16	14	20	12	16	11
318798	Z280	13	25	16	11	10	13	11	17	16	14	20	12	16	11
272724	Z280	13	25	16	12	10	13	11	17	16	14	20	12	16	11
357490	Z280	13	25	16	10	10	14	11	17	17	14	20	12	16	11
99643	Z280	13	26	16	11	10	13	11	17	17	14	20	12	16	11
332238	Z280	13	25	16	11	10	14	11	18	17	14	20	12	16	11
297613	Z280	13	25	16	11	10	14	11	18	17	14	20	12	16	11
224444	Z280	13	26	15	11	10	13	11	17	16	14	20	12	18	11
644867	Z280	13	25	17	11	10	13	11	18	16	14	20	12	16	11
265253	Z280	13	25	16	10	10	13	11	17	16	14	20	12	16	11
B190521	Z280	13	26	15	10	10	13	11	17	16	14	20	12	16	11
236631	Z280	13	26	16	10	10	13	11	17	16	14	20	12	16	11
221947	Z280	13	26	16	11	10	13	11	17	16	14	20	12	16	11
296741	Z280	13	27	16	10	10	13	11	17	16	14	20	12	15	11
N117424	Z280	13	25	15	10	10	13	11	17	15	14	20	11	15	11
581183	Z280	13	25	16	10	10	13	11	17	15	14	20	11	15	11
186199	Z280	13	25	16	11	10	13	11	17	17	14	20	12	15	11
629297	Z280	13	25	16	11	10	13	11	17	16	14	20	11	17	11
163710	Z280	13	25	15	10	10	13	11	17	15	14	20	12	17	11
575856	Z280	13	25	15	10	10	13	11	17	17	14	20	12	16	11
137650	Z280	13	25	15	10	10	13	11	18	17	14	20	11	16	11
132136	Z280	13	25	15	10	10	13	11	17	16	14	20	12	16	11
E10339	Z280	13	25	15	10	10	13	11	17	16	14	20	10	15	11
222811	Z280	13	25	15	10	10	13	11	17	16	14	20	13	16	10
236530	Z280	13	25	15	10	10	13	11	17	16	14	20	13	16	10
253745	Z280	13	25	15	10	10	13	11	17	16	14	20	13	16	10
257060	Z280	13	25	15	10	10	13	11	17	16	14	20	13	16	10
236539	Z280	13	25	15	10	10	13	11	17	16	14	20	13	16	10
213524	Z280	13	25	15	10	10	13	11	17	16	14	20	13	16	10
277296	Z280	13	25	15	10	10	13	11	17	16	14	20	13	16	10
H1272	Z280	13	25	17	10	11	13	11	18	15	14	20	11	15	11
97423	Z280	13	25	17	10	11	13	11	18	16	14	20	11	15	11
187899	Z280	13	25	15	10	10	13	11	17	15	14	20	11	16	11
575786	Z280	13	25	16	10	10	13	11	17	17	14	20	11	16	11
194847	Z280	13	25	17	10	10	13	11	17	15	14	20	12	16	11
262816	Z280	13	25	16	10	10	12	11	17	15	14	20	12	16	11
250093	Z280	13	25	15	10	10	13	11	16	15	14	20	11	16	11
424366	Z280	13	24	15	10	10	13	11	16	15	14	20	12	15	11
312419	Z280	13	24	16	10	10	13	11	18	16	14	21	12	15	11
239115	Z280	13	25	15	10	10	13	11	17	15	14	20	12	16	11
162192	Z280	13	25	16	10	10	13	11	17	15	14	20	12	16	11
174452	Z280	13	24	15	10	10	13	11	17	15	14	20	12	17	11
E14123	Z280	13	25	16	10	10	13	11	17	15	14	20	12	16	11
248308	Z280	13	25	15	10	10	13	11	17	15	14	19	12	16	11
350685	Z280	13	25	16	10	10	13	11	17	15	14	20	12	16	11
49754	Z280	13	25	16	10	10	13	11	17	16	14	20	12	16	11
184486	Z280	13	26	16	11	10	13	11	16	15	14	20	12	15	11
415934	Z280	13	25	15	10	10	13	11	17	15	14	20	13	16	11
575136	Z280	13	25	15	10	10	13	11	17	15	14	20	11	16	11
83222	Z280	13	25	16	10	10	13	11	17	15	14	20	12	16	11
N95232	Z280	13	25	16	10	10	13	11	17	15	14	20	12	15	11
242343	Z280	13	25	16	10	10	13	11	17	15	14	20	12	16	11
241824	Z280	13	25	16	10	10	13	11	17	15	14	20	13	16	11
210520	Z280	13	25	16	10	10	13	11	17	15	14	20	11	16	11
348788	Z280	13	25	17	10	10	13	11	17	16	14	20	12	17	11
627740	Z280	13	25	15	10	10	13	11	17	16	14	20	12	16	11
E16949	Z280	13	25	16	10	10	13	11	17	15	14	20	11	15	11
333222	Z280	13	25	16	9	10	13	11	16	15	14	20	12	16	11
48615	Z280	13	25	16	11	10	13	11	17	16	14	20	11	15	11
272877	Z280	13	24	16	13	10	13	11	16	13	14	20	11	16	11
376443	Z280	13	26	17	11	10	13	11	17	13	14	20	12	16	11
N180718	Z280	13	25	17	11	10	13	11	16	13	14	20	11	15	11
200076	Z280	13	25	16	11	10	13	11	16	13	14	20	12	16	11
547587	Z280	13	25	17	11	11	13	11	16	14	14	20	12	16	11
93495	Z280	13	25	17	11	10	13	11	16	13	14	20	12	15	11
N25399	Z280	13	25	16	11	10	13	11	17	14	14	20	12	16	11
210538	Z280	13	25	15	12	10	13	11	17	15	14	20	12	16	11
345050	Z280	13	25	15	11	11	14	11	17	16	14	20	12	17	11
225464	Z280	13	25	16	10	10	13	11	16	15	14	20	12	17	11
556886	Z280	13	25	16	10	10	13	11	16	15	14	20	11	15	11
152881	Z280	13	26	15	11	10	15	11	17	15	14	20	12	17	11
N83877	Z280	13	24	15	11	10	13	11	18	15	14	20	11	16	11
286145	Z280	13	24	16	11	11	12	11	18	16	14	20	11	16	11
E2587	Z280	13	25	17	11	10	13	11	18	15	14	20	12	15	11
188231	Z280	13	25	16	11	10	13	11	17	15	14	20	11	15	11
188784	Z280	13	25	16	11	10	13	11	18	15	14	20	11	15	11
342710	Z280	13	25	15	10	10	13	11	18	15	14	20	12	15	11
627697	Z280	13	25	16	10	10	13	11	18	15	14	19	12	15	11
62051	Z280	13	25	15	10	10	13	11	18	15	14	20	13	16	11
334923	Z280	13	25	15	11	10	13	11	18	15	14	20	11	15	12
497805	Z280	13	26	15	11	10	14	11	18	15	14	20	12	15	12
332648	Z280	13	24	15	11	10	13	11	18	15	14	20	11	18	11
415060	Z280	13	25	15	11	10	13	11	18	16	14	20	12	15	11
371961	Z280	13	23	15	11	10	13	11	18	14	14	20	12	15	11
152915	Z280	13	25	15	11	10	13	11	18	16	14	20	12	15	11
406192	Z280	13	24	15	11	10	13	11	18	15	14	20	12	15	11
626512	Z280	13	24	15	11	10	14	11	18	15	14	20	12	15	11
620818	Z280	13	24	15	10	10	13	11	18	14	14	19	12	15	11
414873	Z280	13	24	15	11	10	13	11	18	14	14	20	12	15	11
444847	Z280	13	25	15	11	11	13	11	17	15	14	20	12	15	11
147875	Z280	13	25	15	10	10	13	11	19	15	14	20	12	16	11
474057	Z280	13	26	14	10	10	13	11	19	15	14	21	11	15	11
N26583	Z280	13	24	15	11	10	13	11	19	17	14	20	11	16	11
339286	Z280	13	24	15	11	10	12	11	16	15	14	20	10	15	11
525664	Z280	13	24	15	11	10	13	11	17	15	14	21	12	15	11
559995	Z280	13	24	16	11	10	13	11	17	15	14	20	11	14	11
249530	Z280	13	25	15	10	11	14	11	17	15	14	19	12	15	11
186197	Z280	13	25	16	11	10	13	11	16	15	14	20	12	15	11
513729	Z280	13	25	16	11	11	14	11	17	15	14	20	12	15	11
154400	Z280	13	25	16	11	10	13	11	17	15	14	20	14	14	11
309593	Z280	13	25	16	11	10	13	11	17	15	14	20	12	16	11
149865	Z280	13	25	16	11	10	13	11	17	15	14	20	12	16	11
210318	Z280	13	25	16	11	11	13	11	17	16	14	20	12	15	11
161551	Z280	13	24	16	11	10	14	11	18	15	14	20	11	15	11
247625	Z280	13	24	16	11	10	13	11	17	15	14	20	12	15	11
152896	Z280	13	25	16	10	10	13	11	17	15	14	20	11	15	11
257106	Z280	13	25	16	11	10	13	11	18	15	14	20	12	15	11
114382	Z280	13	25	16	11	10	13	11	17	15	14	20	13	15	11
726133	Z280	13	25	16	11	11	13	11	17	14	14	19	12	15	11
152908	Z280	13	25	16	11	10	13	11	17	15	14	20	11	15	11
521728	Z280	13	25	16	11	10	13	11	17	14	14	20	12	15	11
350191	Z280	13	25	16	11	10	13	11	17	15	14	20	12	16	11
N73359	Z280	13	25	16	10	10	13	11	16	15	14	20	12	15	11
402417	Z280	13	25	16	11	10	13	11	17	15	14	20	12	15	11
277493	Z280	13	25	16	10	10	13	11	16	15	14	20	12	15	11
357316	Z280	13	25	16	11	10	13	11	17	15	14	20	11	15	11
277814	Z280	13	24	16	11	10	13	11	17	16	14	19	12	15	11
277822	Z280	13	24	17	11	10	13	11	17	16	14	19	12	15	11
344622	Z280	13	25	16	11	10	13	11	17	15	14	20	12	15	11
309082	Z280	13	25	16	11	10	13	11	17	15	14	20	12	15	11
535959	Z280	13	24	15	11	10	13	11	16	15	14	20	12	15	11
371938	Z280	13	24	16	11	10	13	11	17	15	14	20	12	15	11
618235	Z280	13	24	16	11	10	14	11	17	15	14	20	11	16	11
211563	Z280	13	24	16	11	11	13	11	17	16	14	20	11	15	11
247187	Z280	13	25	15	11	10	12	11	17	15	14	20	12	15	11
292560	Z280	13	25	15	11	10	13	11	17	15	14	20	12	16	11
254330	Z280	13	25	15	11	10	13	11	17	15	14	20	11	15	11
326504	Z280	13	25	16	10	10	13	11	17	14	14	20	12	15	11
N122817	Z280	13	25	16	10	10	13	11	17	14	14	20	11	15	11
E10274	Z280	13	25	16	11	10	13	11	17	15	14	20	12	15	11
586644	Z280	13	25	16	11	10	13	11	17	15	14	20	12	16	11
237540	Z280	13	25	16	11	10	13	11	17	15	14	20	11	15	11
93478	Z280	13	25	16	11	10	13	11	17	16	14	20	12	15	11
246167	Z280	13	26	15	11	10	13	11	17	15	14	20	12	15	11
277818	Z280	13	25	16	10	11	13	11	17	15	14	21	11	16	11
217691	Z280	13	24	16	10	11	13	11	17	15	14	20	12	16	11
B9317	Z280	13	24	16	10	11	13	11	17	15	14	20	12	16	11
296287	Z280	13	25	16	10	11	13	11	18	15	14	20	12	16	11
405648	Z280	13	25	16	10	11	13	11	17	15	14	20	11	16	11
515493	Z280	13	25	14	10	11	12	12	17	15	14	21	12	16	11
224635	Z280	13	25	16	10	11	13	11	17	15	14	20	12	16	11
219841	Z280	13	25	15	10	11	13	11	17	15	14	20	12	16	11
179285	Z280	13	25	16	10	11	13	11	17	15	14	20	12	16	11
17606	Z280	13	25	16	10	11	13	11	17	16	14	20	12	15	11
364402	Z280	13	25	16	11	12	13	12	17	16	14	20	13	16	11
175656	Z280	13	25	16	10	12	13	11	18	16	14	20	13	16	11
332274	Z280	13	25	17	11	11	13	11	16	14	14	20	12	16	11
N12438	Z280	13	24	16	11	12	13	11	17	17	14	20	12	16	11
264326	Z280	13	25	16	11	11	13	11	18	16	14	20	13	16	11
356544	Z280	13	25	16	11	11	13	11	17	16	14	20	12	15	11
188911	Z280	13	25	16	11	12	13	11	18	16	14	19	13	16	11
221446	Z280	13	25	16	11	12	13	11	18	16	14	20	13	16	11
214462	Z280	13	25	16	11	12	13	11	18	16	14	20	13	16	11
319060	Z280	13	25	16	11	12	13	11	18	16	14	20	13	16	11
277807	Z280	13	25	16	9	11	13	11	17	15	14	20	12	16	11
176100	Z280	13	24	16	11	11	14	11	17	16	14	20	12	16	11
323281	Z280	13	24	16	11	11	14	11	17	16	14	20	12	16	11
113530	Z280	13	25	16	11	11	14	11	17	16	14	20	12	16	11
B30338	Z280	13	25	15	11	7	14	11	17	14	14	20	12	16	11
332456	Z280	13	25	15	11	10	13	11	17	15	15	21	12	15	11
B221337	Z280	13	25	15	11	10	13	11	17	15	14	21	12	15	11
B223200	Z280	13	24	15	10	10	13	11	17	15	14	20	12	15	11
645710	Z280	13	25	15	11	10	13	11	17	15	14	20	11	15	11
261888	Z280	13	25	17	11	10	13	11	17	15	14	20	11	16	11
139532	Z280	13	26	16	10	10	13	11	20	15	14	21	11	16	11
B45292	Z280	13	26	16	11	10	13	11	17	15	14	20	11	17	11
152884	Z280	14	25	16	11	10	13	11	17	15	14	20	10	16	11
210327	Z280	14	25	16	11	10	13	11	17	15	14	20	10	16	11
344704	Z280	14	25	16	11	12	13	11	17	15	14	21	11	17	11
33699	Z280	14	24	16	10	11	13	11	17	15	14	20	12	16	11
N84050	Z280	14	25	16	10	10	14	11	17	15	14	20	11	16	11
186203	Z280	14	25	16	10	10	13	11	17	15	14	20	11	17	11
H2291	Z280	14	24	16	10	10	14	11	17	15	14	20	11	16	11
294325	Z280	14	23	16	11	10	13	11	16	15	14	20	11	15	11
768107	Z280	14	25	16	11	8	15	11	17	14	14	20	11	16	11
116502	Z280	14	24	15	11	11	13	11	16	15	14	20	12	15	11
152897	Z280	14	25	16	11	10	13	11	16	15	14	20	11	14	11
308845	Z280	14	25	16	11	11	13	11	17	15	14	20	11	15	11
219520	Z280	14	24	16	11	10	13	11	17	15	14	20	12	15	11
249367	Z280	14	24	16	11	10	13	12	17	15	14	20	12	15	11
264855	Z280	14	24	16	10	10	13	11	17	15	14	20	12	15	11
112950	Z280	14	25	15	10	10	13	11	16	15	14	20	11	15	11
325445	Z280	14	25	16	11	10	13	11	17	15	14	20	12	15	11
366323	Z280	14	24	16	11	10	13	11	17	15	14	20	11	14	11
M7258	Z283*	12	25	15	11	10	14	11	17	16	14	20	11	17	11
223757	Z283*	12	26	15	12	10	13	11	17	15	14	20	11	16	11
199628	Z283*	13	24	15	10	10	14	11	16	16	14	20	10	16	11
374874	Z283*	13	25	16	10	11	13	11	17	17	14	20	11	16	11
265442	Z283*	13	26	16	11	10	13	11	17	17	13	20	11	18	11
293167	Z283*	13	25	15	10	10	13	11	16	16	14	20	12	16	11
360638	Z283*	13	25	15	10	10	13	11	16	16	14	20	12	16	11
226541	Z283*	13	25	15	10	10	13	11	16	16	14	20	12	16	11
N49600	Z283*	13	25	15	10	10	13	11	16	16	14	20	12	16	11
N81910	Z283*	13	25	15	11	10	13	11	17	16	14	20	11	16	12
N127505	Z283*	13	25	15	11	10	13	11	17	16	14	20	10	16	11
M9785	Z283*	13	24	15	11	10	14	11	17	15	14	20	11	16	11
M7832	Z283*	13	24	15	10	10	14	11	17	15	14	20	10	16	11
B17422	Z283*	13	24	15	10	11	14	11	18	18	14	20	11	15	11
132838	Z283*	13	24	15	11	11	14	11	18	18	14	20	11	15	11
N30332	Z284	12	25	15	11	10	14	11	17	15	14	20	12	16	11
346520	Z284	13	24	15	10	10	13	11	17	17	14	20	11	16	11
166219	Z284	13	25	16	10	10	13	11	17	18	14	19	11	15	11
184708	Z284	13	25	16	10	11	14	11	17	15	14	20	11	15	11
102216	Z284	13	26	16	10	11	13	11	16	15	14	21	12	16	11
235339	Z284	13	26	16	10	12	13	11	17	15	14	20	12	16	11
360889	Z284	13	26	16	10	11	13	11	16	15	14	20	12	16	11
637675	Z284	13	24	16	10	10	13	11	16	15	14	20	12	16	11
5734	Z284	13	25	16	10	10	13	11	16	15	14	20	12	15	11
235499	Z284	13	25	16	10	10	13	11	16	15	14	20	12	16	11
365860	Z284	13	24	17	10	10	13	11	16	15	14	20	12	16	11
110194	Z284	13	25	16	10	10	13	11	16	15	14	20	12	16	11
324967	Z284	13	26	15	11	10	13	11	16	15	14	20	11	16	11
226707	Z284	13	24	16	11	10	13	11	16	15	14	20	11	17	11
559348	Z284	13	25	16	11	10	13	11	17	15	14	20	11	16	11
314639	Z284	13	25	16	11	11	13	11	16	15	14	20	11	16	11
437705	Z284	13	25	17	11	10	13	11	17	15	14	20	11	16	11
151268	Z284	13	24	15	11	10	13	11	17	16	14	20	11	15	11
287184	Z284	13	25	15	10	10	13	11	18	16	14	20	11	16	11
221538	Z284	13	25	15	11	10	13	11	18	16	14	20	12	15	11
440784	Z284	13	25	15	11	10	13	11	17	15	14	20	13	17	11
266565	Z284	13	25	15	11	10	13	11	18	18	14	20	12	16	11
343224	Z284	13	25	15	11	10	13	11	18	17	14	20	12	16	11
N54003	Z284	13	25	15	11	10	13	11	18	16	14	20	11	16	11
B3613	Z284	13	25	15	11	10	13	11	18	16	14	20	11	16	11
N4268	Z284	13	25	15	11	10	13	11	18	15	14	20	12	16	11
230707	Z284	13	25	16	11	10	14	11	18	15	14	20	12	15	11
365095	Z284	13	25	15	11	10	13	11	17	15	14	19	11	15	11
419434	Z284	13	25	16	11	10	13	11	17	15	14	19	12	16	11
729831	Z284	13	25	16	11	10	13	11	17	15	14	19	12	15	11
25811	Z284	13	25	16	11	10	13	11	17	15	14	19	12	15	11
365094	Z284	13	24	16	11	10	13	11	17	15	14	20	11	16	11
263837	Z284	13	24	16	11	10	14	11	18	15	14	20	11	15	11
E15039	Z284	13	24	16	11	10	13	11	16	15	14	20	11	16	11
271906	Z284	13	24	16	11	10	13	11	17	15	14	20	11	16	11
271411	Z284	13	24	16	11	10	13	11	17	15	14	20	11	16	11
300095	Z284	13	25	15	10	10	13	11	17	15	14	20	11	15	11
307878	Z284	13	25	15	11	10	13	11	16	15	14	20	12	16	11
N35118	Z284	13	25	15	10	10	13	11	17	15	14	20	13	16	11
13190	Z284	13	25	15	10	10	14	11	18	14	14	19	12	16	11
37471	Z284	13	25	15	10	10	14	11	18	14	14	19	12	16	11
199351	Z284	13	25	15	10	10	14	11	18	14	14	19	12	16	11
N86937	Z284	13	26	15	10	10	14	11	18	14	14	19	12	16	11
184123	Z284	13	26	15	10	10	14	11	18	14	14	19	12	16	11
212056	Z284	13	26	15	10	10	14	11	18	14	14	19	12	16	11
239039	Z284	13	26	15	10	10	14	11	18	14	14	19	12	16	11
N76288	Z284	13	25	15	10	10	13	11	17	15	14	20	12	16	11
N144333	Z284	13	25	15	11	10	13	11	17	16	14	19	12	16	11
N115057	Z284	13	26	15	11	10	13	11	18	16	14	20	12	15	11
360983	Z284	13	25	15	11	10	13	11	17	15	14	20	12	16	12
45463	Z284	13	25	15	10	10	13	11	17	15	14	20	12	16	11
266616	Z284	13	25	16	10	10	13	11	16	15	14	20	12	17	11
207487	Z284	13	25	15	10	10	13	11	16	15	14	20	12	16	11
342788	Z284	13	25	15	10	10	13	11	16	15	14	20	12	15	11
416357	Z284	13	25	15	10	10	13	11	16	15	14	20	12	15	11
342490	Z284	13	25	15	10	10	13	11	16	16	14	20	12	15	11
149287	Z284	13	23	15	10	11	13	11	17	16	14	20	12	16	11
372353	Z284	13	24	15	10	10	13	11	17	15	14	20	11	16	11
457657	Z284	13	25	15	10	10	13	11	17	15	14	20	12	15	11
307203	Z284	13	24	14	10	10	13	11	17	16	14	19	12	15	11
376453	Z284	13	24	14	11	10	13	11	17	15	14	19	12	15	11
268506	Z284	13	25	14	11	10	13	11	17	15	14	19	12	15	11
439041	Z284	13	25	14	11	10	13	11	17	15	14	19	12	15	11
N19249	Z284	13	25	14	11	10	13	11	17	16	14	19	11	15	11
209009	Z284	13	25	14	11	10	13	11	18	15	14	19	11	15	11
291913	Z284	13	25	14	11	10	13	11	17	15	14	19	11	15	11
391426	Z284	13	25	14	11	10	13	11	17	16	14	19	11	15	11
359731	Z284	13	25	14	11	10	13	11	17	14	14	19	12	14	11
276357	Z284	13	25	14	11	10	13	11	17	15	14	19	12	14	11
N77239	Z284	13	25	14	11	10	13	11	17	15	14	19	12	15	11
400031	Z284	13	25	14	11	10	13	11	17	15	14	19	12	15	11
671915	Z284	13	25	15	11	10	14	11	17	15	14	20	10	16	11
311438	Z284	13	25	15	10	10	13	11	17	15	14	20	12	16	11
345938	Z284	13	25	15	10	10	13	11	17	15	14	20	11	16	10
242531	Z284	13	25	15	10	10	13	11	17	15	14	20	12	16	10
298718	Z284	13	25	16	11	11	13	11	17	15	14	20	12	17	11
N37402	Z284	13	25	15	11	11	13	11	17	15	14	20	12	16	11
205467	Z284	13	25	15	11	10	13	11	17	15	14	20	12	16	11
9828	Z284	13	25	15	11	10	13	11	17	15	14	20	11	16	11
22714	Z284	13	25	15	11	10	14	11	17	15	14	20	12	16	11
37488	Z284	13	25	15	11	10	13	11	17	15	14	20	12	15	11
B6396	Z284	13	25	15	11	10	13	11	17	16	14	20	12	17	11
325242	Z284	13	25	15	10	10	13	11	17	15	14	20	12	16	11
183829	Z284	13	25	15	11	10	13	11	17	15	14	19	12	16	11
172023	Z284	13	25	15	11	10	13	11	17	16	14	19	12	16	11
110181	Z284	13	25	15	11	10	13	11	17	15	14	19	12	15	11
236363	Z284	13	25	15	11	10	13	11	17	15	14	20	12	16	11
21631	Z284	13	25	15	11	10	13	11	17	15	14	20	12	16	11
165633	Z284	13	25	15	11	10	13	11	17	15	14	20	12	16	11
B8912	Z284	13	25	15	11	10	13	11	17	15	14	20	12	16	11
340714	Z284	13	24	15	11	10	13	11	16	15	14	20	12	16	11
N129652	Z284	13	25	15	10	10	13	11	17	14	14	20	12	15	11
117092	Z284	13	25	15	11	10	13	11	17	15	14	20	12	15	11
292787	Z284	13	25	15	11	10	13	11	17	15	14	20	12	15	11
345423	Z284	13	25	15	11	10	13	11	17	15	14	20	12	15	11
362316	Z284	13	25	15	10	11	13	11	16	15	14	20	12	16	11
143332	Z284	13	25	15	11	10	13	11	16	15	14	20	12	16	11
75319	Z284	13	25	15	10	10	13	11	17	16	14	20	11	16	11
209395	Z284	13	25	15	10	10	13	11	17	15	14	20	12	16	11
214859	Z284	13	25	14	10	10	14	11	17	16	14	20	12	16	11
241914	Z284	13	25	15	11	10	14	11	17	15	14	20	12	16	11
B3119	Z284	13	25	15	11	10	15	11	17	14	14	20	11	16	11
176724	Z284	13	25	15	11	10	14	11	16	15	14	20	12	16	11
364902	Z284	13	25	15	11	10	14	11	16	15	14	20	12	16	10
218192	Z284	13	25	16	10	10	14	11	16	14	14	20	13	16	10
226532	Z284	13	24	15	11	10	14	11	17	15	14	20	12	17	10
N104946	Z284	13	25	15	10	10	13	11	17	15	14	20	12	16	10
166286	Z284	13	25	15	11	10	13	11	17	15	14	20	12	16	10
563934	Z284	13	25	15	11	10	14	11	17	15	14	20	12	16	10
181916	Z284	13	25	15	11	10	14	11	16	15	14	20	12	16	10
174911	Z284	13	25	15	11	10	14	11	17	15	14	20	11	16	10
534431	Z284	13	26	15	11	10	14	11	16	15	14	20	12	16	10
N27621	Z284	13	24	15	10	10	14	11	17	15	14	20	12	17	11
N41629	Z284	13	25	15	11	10	14	11	17	15	14	20	12	15	11
B3898	Z284	13	25	15	11	10	14	11	17	15	14	20	11	16	11
42316	Z284	13	25	15	11	10	14	11	17	15	14	20	12	17	11
242373	Z284	13	25	15	11	10	14	11	17	15	14	20	12	17	12
B11038	Z284	13	25	15	11	10	14	11	17	15	14	20	12	17	12
366289	Z284	13	25	15	11	10	14	11	17	16	14	20	12	17	11
35717	Z284	13	25	15	11	10	13	11	17	16	14	20	12	17	11
N128746	Z284	13	25	15	11	10	14	11	17	16	14	20	12	16	11
231598	Z284	13	25	15	11	10	14	11	17	16	14	20	12	17	11
246823	Z284	13	25	15	11	10	14	11	17	15	14	19	12	17	11
27987	Z284	13	25	15	11	10	14	11	17	16	14	19	12	17	11
162919	Z284	13	25	15	11	10	14	11	17	16	14	19	13	16	11
310078	Z284	13	25	15	11	10	14	11	17	16	14	19	12	17	11
200758	Z284	13	25	15	11	10	14	11	17	16	14	20	12	17	11
15983	Z284	13	25	15	11	10	14	11	17	16	14	20	12	17	11
75730	Z284	13	25	15	11	10	14	11	17	16	14	20	12	17	11
407796	Z284	13	25	15	11	10	13	11	17	16	14	20	12	17	11
158790	Z284	13	25	15	11	10	14	11	17	16	14	20	12	18	11
173102	Z284	13	25	15	11	10	14	11	17	16	14	20	12	18	11
204245	Z284	13	25	15	11	10	14	11	17	17	14	20	12	17	11
335532	Z284	13	25	15	11	10	14	11	17	15	14	20	12	16	11
177892	Z284	13	24	16	11	10	14	11	17	15	14	20	12	16	11
57322	Z284	13	25	15	11	10	13	11	17	15	14	20	11	17	11
2684	Z284	13	25	15	11	10	14	11	17	15	14	20	12	17	11
N21447	Z284	13	25	15	11	10	14	11	17	15	14	20	12	16	11
312359	Z284	13	25	15	11	10	14	11	17	15	14	20	12	16	11
285947	Z284	13	25	15	11	10	14	11	17	15	14	20	12	15	11
31751	Z284	13	25	15	11	10	14	11	17	15	14	20	12	15	11
197745	Z284	13	25	15	11	10	14	11	16	15	14	20	12	15	11
179930	Z284	13	25	15	11	10	14	11	17	15	14	20	11	15	11
209210	Z284	13	25	15	11	10	14	11	17	15	14	20	12	15	11
319964	Z284	13	25	15	11	10	14	11	16	15	14	20	12	15	11
391551	Z284	13	25	15	11	10	14	11	16	16	14	20	12	15	11
363715	Z284	13	25	15	11	10	14	11	16	16	14	20	12	15	11
364771	Z284	13	25	15	11	10	14	11	16	16	14	20	12	15	11
N36688	Z284	13	25	15	11	10	14	11	17	15	14	20	12	17	11
332998	Z284	13	25	16	10	10	14	11	17	15	14	20	12	17	11
126743	Z284	13	25	15	11	10	14	11	17	15	14	20	12	15	11
363030	Z284	13	26	15	10	10	14	11	17	15	14	20	12	16	11
N152199	Z284	13	26	15	10	10	14	11	17	15	14	20	13	16	11
219219	Z284	13	25	15	11	11	14	11	16	16	14	20	12	16	11
395471	Z284	13	25	15	11	10	14	11	17	15	14	20	12	15	11
219610	Z284	13	25	15	11	10	14	11	17	15	14	20	12	15	11
192895	Z284	13	25	16	10	10	14	11	16	15	14	20	12	16	11
434223	Z284	13	25	15	11	10	14	11	17	15	14	20	12	16	11
266152	Z284	13	25	15	11	10	14	11	17	15	14	20	12	15	11
192445	Z284	13	25	15	12	11	14	11	17	15	14	20	12	15	11
550681	Z284	13	25	15	10	10	14	11	17	15	14	20	12	17	12
N29496	Z284	13	25	15	11	10	14	11	17	15	14	20	12	16	12
N77135	Z284	13	25	15	11	10	14	11	17	15	14	20	11	16	11
352296	Z284	13	25	15	11	10	14	11	17	15	14	20	13	16	11
N26534	Z284	13	25	16	11	10	14	11	17	15	14	20	12	16	11
115379	Z284	13	25	15	11	10	14	11	17	15	14	20	11	15	11
290105	Z284	13	25	15	11	10	14	11	17	15	14	20	12	15	11
260016	Z284	13	25	15	11	10	14	11	17	15	14	20	11	15	11
205158	Z284	13	24	15	11	10	14	11	17	15	14	20	12	15	11
N9416	Z284	13	25	15	11	10	14	11	17	15	14	20	12	15	11
366895	Z284	13	25	15	11	10	15	11	17	16	14	21	12	16	11
365277	Z284	13	25	15	11	11	13	11	17	15	14	20	12	16	11
407270	Z284	13	25	15	11	10	14	11	17	15	14	20	12	16	11
318440	Z284	13	25	16	11	10	13	11	17	15	14	20	11	15	11
112843	Z284	13	25	15	11	10	13	11	17	15	14	20	12	16	11
266757	Z284	13	25	15	10	10	14	11	16	15	14	21	11	16	11
N33188	Z284	13	25	15	10	10	13	11	17	16	14	20	12	16	11
230573	Z284	13	25	15	10	10	14	11	17	16	14	20	11	16	11
320338	Z284	13	25	15	11	10	14	11	17	15	14	20	12	15	11
298323	Z284	13	24	15	10	10	14	11	17	15	14	20	11	15	11
322936	Z284	13	24	15	11	9	13	11	17	15	14	20	12	15	11
766709	Z284	13	25	15	11	10	14	13	17	15	14	20	12	16	11
217356	Z284	13	24	15	11	10	14	11	17	15	14	20	11	16	11
333892	Z284	13	25	15	11	10	13	11	17	15	14	20	11	15	11
N86985	Z284	13	25	15	11	10	14	11	17	15	14	20	12	16	11
44389	Z284	13	25	15	11	10	14	11	16	15	14	20	11	16	11
58513	Z284	13	25	15	10	10	13	11	16	15	14	20	12	16	11
277280	Z284	13	25	15	10	10	14	11	16	15	14	20	13	16	11
B3246	Z284	13	25	15	10	11	14	11	16	15	14	20	12	15	11
B3247	Z284	13	25	15	10	11	14	11	16	15	14	20	12	15	11
81518	Z284	13	25	15	11	10	14	11	17	15	14	20	12	16	11
N31366	Z284	13	25	15	11	10	14	11	17	15	14	20	12	16	11
N130165	Z284	13	25	15	11	10	13	11	17	15	14	20	11	16	11
363194	Z284	13	25	15	11	10	13	11	17	15	14	20	11	16	11
231736	Z284	13	25	15	11	10	13	11	17	15	14	20	12	16	11
224511	Z284	13	25	15	11	10	13	11	17	15	14	20	12	15	11
369287	Z284	13	25	15	10	10	13	11	15	15	14	20	12	16	11
5776	Z284	13	25	15	11	10	13	11	16	15	14	20	11	16	11
5780	Z284	13	25	15	11	10	13	11	17	15	14	20	12	16	11
13844	Z284	13	25	15	11	10	13	11	17	15	14	21	12	15	11
292223	Z284	13	25	15	11	11	13	11	16	14	14	20	11	16	11
180309	Z284	13	25	15	11	11	13	11	17	16	14	20	11	17	11
309012	Z284	13	25	15	11	11	13	11	18	16	14	20	11	17	11
268010	Z284	13	27	15	11	11	13	11	18	15	14	20	11	17	11
338188	Z284	13	25	15	10	11	13	11	18	16	14	20	11	17	11
67704	Z284	13	26	15	10	11	14	11	18	16	14	20	11	17	11
N91498	Z284	13	27	15	11	12	14	11	18	16	14	20	11	17	11
174455	Z284	13	25	15	11	10	13	11	17	15	14	20	11	16	11
209620	Z284	13	25	15	11	10	13	11	17	15	14	20	12	15	11
239937	Z284	13	25	15	11	10	13	11	18	15	14	20	12	16	11
151063	Z284	13	25	15	11	10	13	11	17	15	14	20	12	15	11
360832	Z284	13	25	16	11	10	13	11	17	15	14	20	12	15	11
237112	Z284	13	24	15	12	11	13	11	17	15	14	20	12	16	11
475987	Z284	13	25	16	10	10	13	11	17	15	14	20	12	15	11
N65331	Z284	13	25	16	10	10	13	11	17	15	14	20	12	15	11
N72357	Z284	13	25	16	10	10	13	11	17	15	14	20	12	15	11
N21908	Z284	13	24	15	11	10	13	11	17	15	14	20	12	15	11
338881	Z284	13	24	15	11	11	13	11	17	15	14	20	12	15	11
323704	Z284	13	25	15	11	10	13	11	17	15	14	20	11	16	11
N3690	Z284	13	24	15	11	10	13	11	17	15	14	20	11	16	11
343609	Z284	13	26	15	11	10	13	11	17	15	14	19	11	16	11
N23144	Z284	13	26	15	11	10	13	11	17	15	14	20	11	16	11
B5637	Z284	13	26	15	11	10	13	11	17	15	14	20	11	15	11
391280	Z284	13	26	15	11	10	13	11	17	15	14	20	11	15	11
318771	Z284	13	25	15	11	11	13	11	17	15	14	20	12	16	12
454792	Z284	13	24	15	11	11	13	11	17	15	14	20	12	16	11
403751	Z284	13	24	15	11	11	13	11	17	15	14	20	12	16	11
520001	Z284	13	25	15	11	10	13	11	17	15	14	20	11	16	11
246621	Z284	13	25	15	11	10	13	11	17	15	14	20	11	16	11
219398	Z284	13	25	15	11	10	13	11	17	15	14	20	11	16	11
170779	Z284	13	25	15	11	10	13	11	17	15	14	20	11	16	11
18875	Z284	13	25	15	11	10	13	11	16	15	14	20	11	16	11
163767	Z284	13	24	15	11	10	13	11	17	15	14	20	11	16	11
230157	Z284	13	24	15	11	10	13	11	17	15	14	20	11	16	11
N136878	Z284	13	25	15	11	10	13	11	17	15	14	20	12	15	11
298638	Z284	13	26	15	10	10	14	11	17	16	14	20	10	16	11
193049	Z284	13	24	15	11	10	13	11	17	15	14	20	11	15	11
N64492	Z284	13	24	15	11	10	13	11	17	15	14	20	11	15	11
481631	Z284	13	25	16	11	11	13	11	17	15	14	20	10	15	11
496795	Z284	13	25	15	11	10	13	11	17	15	14	20	11	15	8
208117	Z284	13	25	15	10	10	13	11	17	15	14	20	12	16	11
724352	Z284	13	25	15	11	10	13	11	18	15	14	20	12	17	11
278816	Z284	13	25	15	11	11	13	11	19	15	14	20	12	17	11
250336	Z284	13	25	15	12	11	13	11	17	15	14	20	12	17	11
417774	Z284	13	25	15	11	11	13	11	17	15	14	19	12	17	11
501132	Z284	13	25	15	11	11	13	11	17	15	14	20	12	17	11
22763	Z284	13	25	15	11	11	13	11	17	15	14	20	12	17	11
295615	Z284	13	25	15	11	10	13	11	18	15	14	20	12	16	11
309998	Z284	13	25	15	11	10	13	11	18	15	14	20	12	17	11
56559	Z284	13	26	15	11	10	13	11	18	15	14	20	12	17	11
604516	Z284	13	25	15	11	10	13	11	18	15	14	20	12	17	11
211237	Z284	13	25	15	11	10	13	11	17	15	14	20	12	17	11
381241	Z284	13	25	15	11	10	13	11	18	15	14	19	12	17	11
505553	Z284	13	24	15	11	10	13	11	18	15	14	20	12	17	11
N113881	Z284	13	24	15	11	10	13	11	18	15	14	20	12	17	11
85098	Z284	13	25	15	11	10	13	11	17	15	14	20	12	17	11
N43943	Z284	13	25	15	11	10	13	11	18	15	14	20	12	17	11
316232	Z284	13	25	15	11	10	13	11	17	15	14	20	13	16	12
328858	Z284	13	25	16	11	10	13	11	16	16	15	20	13	15	11
41183	Z284	13	24	15	11	10	13	11	17	16	14	20	11	16	11
556499	Z284	13	24	16	11	10	13	11	18	16	14	20	12	16	11
B3810	Z284	13	25	14	10	10	13	11	16	15	14	20	13	16	11
B24519	Z284	13	25	14	11	10	14	11	17	15	14	20	12	15	11
501674	Z284	13	25	15	11	10	13	11	17	15	14	20	11	17	11
537502	Z284	13	25	15	11	10	14	11	17	15	14	20	12	16	11
B3584	Z284	13	25	15	11	12	13	11	17	15	14	20	12	16	12
B12327	Z284	13	26	15	11	11	13	11	17	15	14	20	11	16	11
N2353	Z284	13	25	16	10	12	13	11	17	15	14	19	11	15	11
222606	Z284	13	26	16	10	12	13	11	17	15	14	19	11	15	11
335433	Z284	13	26	17	11	12	13	11	17	16	14	19	11	16	11
133419	Z284	13	25	15	11	10	13	11	17	15	14	20	12	16	11
221705	Z284	13	25	16	11	10	13	11	17	16	14	20	11	16	11
228943	Z284	13	25	16	11	10	13	11	17	16	14	20	12	15	11
269981	Z284	13	25	16	11	10	13	11	17	15	14	20	12	16	11
312548	Z284	13	25	16	11	10	13	11	17	15	14	20	12	16	11
239188	Z284	13	25	16	12	10	13	11	17	15	14	20	12	15	11
232434	Z284	13	25	16	11	10	13	12	17	13	14	20	11	16	11
77616	Z284	13	25	17	11	10	13	11	17	16	14	20	12	15	11
120944	Z284	13	25	17	11	10	13	11	17	16	14	20	12	15	11
N80214	Z284	13	24	16	10	10	13	11	16	15	14	20	12	15	10
200367	Z284	13	25	16	11	11	13	11	16	15	14	20	10	15	11
444484	Z284	13	25	16	11	11	13	11	16	15	14	20	10	15	11
N237061	Z284	13	25	16	11	10	13	11	16	15	14	20	11	16	11
N98256	Z284	13	25	16	11	10	13	11	16	15	14	20	10	16	11
299871	Z284	13	25	16	11	10	13	11	16	15	14	20	10	16	11
263512	Z284	13	25	16	11	10	13	11	16	15	14	20	10	16	11
26986	Z284	13	26	16	10	10	13	11	17	15	14	20	12	15	11
425942	Z284	13	26	16	10	11	13	11	18	15	14	20	11	16	11
233887	Z284	13	24	17	11	11	13	11	17	15	14	20	12	16	11
220682	Z284	13	25	16	11	12	12	11	17	15	14	20	12	16	11
19765	Z284	13	24	16	11	10	13	11	17	15	14	20	13	16	11
155135	Z284	13	25	16	11	10	13	11	16	15	14	20	11	16	11
E12141	Z284	13	25	16	11	10	13	11	18	15	14	20	12	16	11
H2252	Z284	13	23	15	11	11	13	11	17	15	14	20	12	15	11
344913	Z284	13	25	15	11	10	13	11	17	16	14	20	12	17	11
308305	Z284	13	25	15	11	10	12	11	17	15	14	20	11	15	11
N213943	Z284	13	25	16	10	10	12	11	18	15	14	20	11	15	11
B3913	Z284	13	25	16	10	10	12	11	19	16	14	20	11	15	11
233658	Z284	13	24	15	10	10	12	11	18	16	14	19	12	15	11
232952	Z284	13	24	15	10	10	12	11	18	16	14	19	12	15	11
B2544	Z284	13	24	15	10	10	12	11	18	16	14	20	11	15	11
H1965	Z284	13	25	16	10	10	12	11	18	16	14	19	12	15	11
297543	Z284	13	25	16	10	10	12	11	18	16	14	20	12	16	11
368302	Z284	13	25	15	10	10	14	11	17	15	14	20	12	16	11
201804	Z284	13	24	16	10	10	14	11	17	16	14	20	12	15	11
349756	Z284	13	25	15	10	10	14	11	17	15	14	20	12	16	11
N94429	Z284	13	24	16	10	10	14	11	17	16	14	20	12	15	11
188790	Z284	13	24	16	10	10	15	11	17	16	14	20	12	15	11
316316	Z284	13	25	17	10	10	13	11	17	16	14	20	12	16	11
264619	Z284	13	25	17	10	10	13	11	17	16	14	20	12	16	11
209654	Z284	13	25	17	10	10	13	11	17	16	14	20	12	16	11
281869	Z284	13	25	17	10	10	13	11	17	16	14	20	12	16	11
490871	Z284	13	25	16	10	10	14	11	17	15	14	20	12	16	11
358151	Z284	13	25	16	10	10	14	11	17	15	14	20	12	16	11
28836	Z284	13	24	16	10	10	14	11	17	15	14	20	12	16	11
354496	Z284	13	25	16	10	10	14	11	17	15	14	20	12	16	11
434878	Z284	13	26	16	10	10	13	11	17	17	14	20	11	16	11
353026	Z284	13	24	17	10	10	14	11	18	15	14	20	11	16	11
242628	Z284	13	24	16	10	10	14	11	17	16	14	20	12	15	11
N98639	Z284	13	25	16	10	10	13	11	17	15	14	20	13	16	11
270976	Z284	13	25	16	10	10	13	11	17	15	14	20	11	15	11
272366	Z284	13	25	16	10	10	14	11	17	15	14	20	12	16	11
365430	Z284	13	25	15	11	10	13	11	17	15	14	20	12	15	11
273827	Z284	13	25	16	11	13	13	11	17	14	14	20	12	18	11
416379	Z284	13	24	16	11	11	13	11	16	14	14	20	13	15	11
N28630	Z284	13	25	16	11	11	13	8	16	14	14	20	11	15	11
346527	Z284	13	25	16	11	13	13	11	16	14	14	21	12	16	11
448861	Z284	13	25	16	11	13	13	11	16	15	14	21	12	16	11
281935	Z284	13	25	16	11	11	13	11	16	15	14	20	12	16	11
214208	Z284	13	25	16	11	11	13	11	16	15	14	20	12	16	11
206458	Z284	13	25	16	11	11	13	11	16	15	14	20	12	16	11
237013	Z284	13	25	16	11	11	13	11	16	15	14	20	12	16	11
216359	Z284	13	25	16	11	11	13	11	16	16	14	20	12	16	11
648488	Z284	13	25	16	11	11	13	11	16	15	14	20	12	16	11
286775	Z284	13	25	16	12	11	13	11	16	15	14	20	12	16	11
369279	Z284	13	25	16	11	11	13	11	16	15	14	20	12	15	11
128183	Z284	13	25	15	11	11	13	11	16	15	14	20	12	15	12
323929	Z284	13	25	16	11	11	12	11	16	15	14	20	12	15	11
388907	Z284	13	25	15	11	11	13	11	16	15	14	20	12	15	11
235669	Z284	13	23	15	11	11	13	11	16	15	14	19	12	15	11
266120	Z284	13	24	15	11	11	13	11	16	15	14	19	12	15	11
221924	Z284	13	25	15	11	11	13	11	16	15	14	20	13	15	11
219217	Z284	13	25	15	11	11	13	11	16	15	14	20	12	15	11
224712	Z284	13	25	15	11	11	14	11	16	15	14	20	11	15	11
329236	Z284	13	25	15	11	11	13	11	16	15	14	20	11	15	11
185911	Z284	13	25	15	11	11	13	11	16	14	14	20	12	16	11
331166	Z284	13	25	16	11	11	13	11	16	14	14	20	12	16	11
31864	Z284	13	25	15	11	11	13	11	16	15	14	20	12	15	11
114189	Z284	13	25	16	12	11	13	11	16	15	14	19	12	16	11
275464	Z284	13	25	16	10	12	13	11	16	15	14	20	12	16	11
275042	Z284	13	25	16	10	11	13	11	16	15	14	20	12	16	11
292868	Z284	13	25	16	10	11	13	11	16	15	14	19	11	16	11
204790	Z284	13	26	17	10	12	13	11	16	15	14	20	11	16	11
518987	Z284	13	25	16	10	10	12	11	17	15	14	20	12	16	11
112573	Z284	13	25	17	10	10	13	11	17	16	14	20	12	15	11
N43637	Z284	13	25	16	11	10	14	11	17	15	14	20	12	17	11
33875	Z284	14	25	16	10	10	13	11	17	18	14	20	12	16	11
83944	Z284	14	25	16	10	10	13	11	17	18	14	20	12	16	11
213278	Z284	14	25	16	10	10	13	11	17	18	14	20	12	16	11
256508	Z284	14	25	16	10	10	13	11	17	19	14	20	12	16	11
389586	Z284	14	24	15	11	10	14	11	16	15	14	20	12	16	11
326059	Z284	14	25	16	11	10	13	11	16	15	14	20	11	15	11
M11496	M780	13	25	17	11	10	13	11	17	14	14	20	11	16	11
M7419	M780	13	24	17	11	10	13	11	17	14	14	20	11	16	11
326263	M780	13	25	17	11	10	13	11	17	14	14	20	11	16	11
408528	M780	13	24	16	10	11	13	11	17	17	14	20	10	15	11
301920	M780	13	24	17	10	11	13	11	18	17	14	20	10	15	11
234418	M780	13	25	15	10	10	14	11	18	16	14	20	12	15	11
M7176	M780	13	25	15	10	10	14	11	18	16	14	20	12	15	11
335663	M780	13	25	15	10	10	14	11	18	16	14	20	12	16	11
M8899	M780	13	25	15	10	9	14	11	19	17	14	20	10	15	11
210881	M780	13	25	15	10	10	14	13	18	16	15	20	12	17	9
N6841	M780	13	24	15	11	10	14	11	17	16	14	20	12	15	9
234043	M780	13	25	15	11	10	14	11	17	16	14	20	12	14	9
M7670	M780	13	25	15	11	10	14	11	18	15	14	19	11	15	9
N22414	M780	13	25	15	11	10	14	11	18	16	14	20	12	15	9
U2321	M780	13	25	15	11	10	15	11	18	16	14	20	12	15	9
429042	M780	13	25	15	10	10	13	11	17	16	14	20	12	15	11
448242	M780	13	25	15	10	10	13	11	18	16	14	20	12	15	11
M7417	M780	13	25	15	10	10	14	11	17	17	14	20	10	16	11
M8088	M780	13	26	15	10	10	14	11	18	17	14	21	12	15	11
190263	M780	13	23	15	10	10	14	11	17	16	14	20	11	15	11
284205	M780	13	24	15	10	10	13	11	18	16	14	20	10	15	11
216619	M780	13	24	15	10	10	13	11	18	16	14	20	10	15	11
N12617	M780	13	25	17	10	12	14	11	17	17	14	20	11	15	11
ML1031	M780	13	25	13	11	10	14	11	15	15	14	20	11	15	11
M11025	M780	13	26	17	10	11	13	11	17	17	14	20	12	15	11
271003	M780	13	25	16	10	10	13	10	18	15	14	20	12	16	11
392622	M780	13	25	15	11	10	13	11	17	16	14	20	12	15	11
M7443	M780	13	25	16	11	11	14	11	18	16	14	20	13	15	11
243297	M780	13	25	16	11	10	14	11	18	17	14	20	12	15	11
329181	M780	13	24	16	10	10	12	11	17	16	14	20	12	16	11
234103	M780	13	24	15	11	11	13	11	18	16	14	20	12	15	11
M6584	M780	13	24	15	11	10	13	11	18	15	14	20	12	15	11
M9141	M780	13	24	15	11	11	13	11	17	16	14	20	12	15	11
M9185	M780	13	24	15	11	11	13	11	17	16	14	20	12	15	11
M9101	M780	13	24	15	11	11	13	11	17	16	14	20	12	15	11
M9183	M780	13	24	15	12	11	13	11	17	16	14	20	12	15	11
M8712	M780	13	24	16	11	10	13	11	18	16	14	20	12	15	11
300823	M780	13	24	16	11	10	13	11	18	16	14	20	12	15	11
M6736	M780	13	24	16	11	10	13	11	19	16	14	20	12	16	11
M6303	M780	13	24	15	11	10	13	11	17	16	14	20	11	15	11
M6308	M780	13	24	15	11	10	13	11	18	16	14	20	11	15	11
M11616	M780	13	25	15	10	10	13	11	18	16	14	20	12	15	11
M10084	M780	13	25	16	10	10	13	11	18	15	14	21	12	15	11
350352	M780	13	25	16	10	10	13	11	18	15	14	20	11	15	11
324776	M780	13	25	16	10	10	13	11	18	15	14	20	11	15	11
307201	M780	13	25	16	10	10	13	11	18	15	14	20	11	15	11
M6740	M780	13	25	16	11	10	13	11	19	17	14	20	11	15	11
112208	M780	13	25	17	10	10	13	11	18	15	14	20	12	15	11
182524	M780	13	25	17	11	10	13	11	18	15	14	20	12	15	11
189739	M780	13	25	16	10	10	13	11	17	16	14	20	11	15	11
158432	M780	13	25	16	10	10	13	11	17	16	14	20	11	15	11
188795	M780	13	25	16	10	10	13	11	17	16	14	20	11	15	11
195320	M780	13	25	16	10	10	13	11	17	16	14	20	11	15	11
189737	M780	13	25	16	10	10	13	11	18	16	14	20	11	15	11
M6646	M780	13	24	16	12	10	13	11	17	16	14	20	12	15	11
240464	M780	13	25	16	11	10	13	11	17	17	14	20	12	15	12
405677	M780	13	25	16	11	10	13	11	17	15	14	21	12	16	11
249834	M780	13	25	17	11	10	13	11	17	16	14	20	12	15	11
N102178	M780	13	26	16	11	10	13	11	16	17	14	21	12	15	11
U2810	M780	13	24	15	10	10	13	11	17	16	14	19	12	15	11
N70502	M780	13	25	16	11	10	13	11	17	15	14	20	11	15	11
M6986	M780	13	25	16	11	10	13	11	19	16	14	20	11	15	11
277391	M780	13	25	16	11	10	13	11	18	15	14	21	12	15	11
414205	M780	13	25	17	11	10	13	11	17	16	14	20	10	15	11
148790	M780	13	26	15	11	10	13	11	16	16	14	20	12	15	11
N115450	M780	13	25	15	10	10	13	11	18	17	14	20	11	14	11
212871	M780	13	24	15	10	10	14	11	18	16	14	20	11	15	11
N2358	M780	13	24	16	11	10	13	11	18	16	14	20	12	15	11
M7290	M780	13	25	15	10	10	14	11	18	16	14	20	10	15	11
198258	M780	13	25	15	10	11	14	11	17	17	14	20	12	15	11
N96261	M780	13	25	15	10	10	13	11	17	16	14	20	11	15	11
247344	M780	13	25	15	11	10	13	12	18	16	14	20	13	15	11
M6086	M780	13	25	15	11	11	13	11	17	14	14	20	12	15	11
M6843	M780	13	25	16	10	10	13	11	17	16	14	19	11	15	11
M6527	M780	13	25	16	11	10	13	11	17	17	14	20	11	14	11
141070	M780	13	25	15	10	11	13	11	18	16	14	20	12	14	11
M8618	M780	14	25	15	11	10	13	11	16	16	14	19	12	15	11
M7041	M780	14	25	15	11	10	13	11	16	16	14	19	12	15	11
492739	M780	14	25	15	11	10	13	11	16	16	14	19	12	15	11
226540	S23592	12	25	15	11	10	14	11	19	14	14	20	10	16	11
312445	S23592	13	23	16	11	10	14	11	17	16	14	20	11	15	11
M10513	S23592	13	24	15	11	11	14	11	18	15	14	20	11	15	11
519395	S23592	13	24	15	11	10	13	11	19	15	14	20	12	15	11
E23655	S23592	13	25	15	10	10	13	11	17	16	14	20	11	14	11
N32652	S23592	13	26	15	10	11	13	11	18	15	14	20	11	16	11
57291	S23592	13	26	15	10	10	13	11	18	15	14	20	11	16	11
173843	S23592	13	23	17	11	10	14	11	18	16	14	20	11	16	11
431158	S23592	13	23	17	11	10	14	11	18	16	14	20	11	16	11
386023	S23592	13	23	17	11	10	14	11	18	16	14	20	11	17	11
339288	S23592	13	23	17	11	10	14	11	18	16	14	20	11	17	11
340233	S23592	13	23	16	10	10	14	11	18	17	14	20	11	15	11
288203	S23592	13	23	17	11	10	13	11	18	16	14	20	11	17	11
N97469	S23592	13	23	17	11	10	14	11	17	16	14	20	11	15	11
291316	S23592	13	23	17	11	10	14	11	17	16	14	20	11	16	11
177949	S23592	13	23	17	11	11	14	11	18	16	14	20	11	16	11
717869	S23592	13	24	17	11	10	13	11	18	17	14	19	11	16	11
72455	S23592	13	24	16	11	10	14	11	16	16	14	20	11	16	11
127747	S23592	13	24	15	10	10	14	11	16	16	14	20	11	16	11
182652	S23592	13	24	15	10	11	14	11	17	16	14	20	11	15	11
179759	S23592	13	25	15	11	10	14	11	18	15	14	21	11	15	11
179760	S23592	13	25	15	11	10	13	11	17	15	14	21	11	15	11
174777	S23592	13	25	15	11	10	13	11	17	15	14	21	11	15	11
177947	S23592	13	25	15	11	10	13	11	17	15	14	21	11	15	11
312832	S23592	13	25	15	11	10	14	11	18	15	14	21	11	15	11
312825	S23592	13	25	15	11	10	14	11	18	15	14	21	11	15	11
186386	S23592	13	25	16	11	10	13	11	18	15	14	21	11	16	11
111287	S23592	13	26	16	11	10	14	11	17	15	14	21	11	16	11
79138	S23592	14	23	17	11	10	14	11	18	17	14	20	12	16	11
247529	S23592	14	23	17	11	10	14	11	19	17	14	20	12	15	11
N94836	Y40	13	25	16	11	10	13	11	18	16	14	19	12	15	11
N114631	Y40	13	24	15	10	10	13	11	16	15	14	20	11	16	11
346520	Y40	13	24	15	10	10	13	11	17	17	14	20	11	16	11
N36757	Y40	13	24	17	11	10	13	11	17	16	14	20	11	16	11
42050	Y40	13	25	16	11	10	13	11	17	17	14	20	11	15	11
411934	Y40	13	25	17	11	10	13	11	17	16	14	21	12	15	11
333085	Y40	13	25	17	12	10	12	11	17	18	14	20	11	16	11
M12249	Y40	13	25	17	11	11	13	11	17	16	14	20	11	15	11
312280	Y40	13	25	17	11	10	13	11	17	16	14	20	11	15	11
349196	Y40	13	25	16	11	10	13	11	18	16	14	20	12	15	11
267006	Y40	13	25	17	11	10	13	11	17	16	14	20	12	16	11
M8458	Y40	13	25	16	11	10	13	11	18	14	14	20	12	16	11
M8466	Y40	13	25	16	11	10	13	11	18	14	14	20	12	16	11
205148	Y40	13	25	16	12	10	13	11	17	14	14	20	10	16	11
B1000	Y40	13	25	16	10	10	14	11	16	15	14	20	10	15	10
202574	Y40	13	25	16	10	10	14	11	16	15	14	20	11	16	11
M12357	YP413	13	25	16	11	10	13	11	17	16	14	20	12	15	11
M6720	YP413	13	25	16	11	10	13	11	17	16	14	21	12	15	11
M11002	YP413	13	26	16	11	11	13	11	20	15	14	20	11	16	11
346249	YP413	13	25	15	11	12	14	11	18	15	14	19	11	15	11
193912	YP413	13	25	16	10	10	13	12	17	16	14	20	11	15	11
287341	YP413	13	25	16	11	10	13	11	16	15	14	20	11	15	11
184336	YP413	13	23	16	11	10	13	11	17	15	14	20	12	15	11
N49878	YP413	13	24	16	11	10	13	11	17	15	14	20	12	15	11
239548	YP413	13	24	15	11	10	13	11	17	15	14	20	12	15	11
167393	YP413	13	24	15	11	10	13	11	17	15	14	20	12	15	11
239546	YP413	13	24	16	11	10	13	11	17	15	14	20	12	15	11
186174	YP413	13	24	16	11	10	13	11	17	15	14	20	12	15	11
239543	YP413	13	24	16	11	10	13	11	17	15	14	20	12	15	11
745257	YP413	13	24	16	11	10	13	11	17	16	14	20	12	15	11
273822	YP413	13	24	16	11	10	13	11	18	15	14	20	11	15	11
239542	YP413	13	25	16	11	10	13	11	17	15	14	20	12	15	11
263447	YP413	13	26	16	11	10	14	11	18	17	14	20	12	15	11
M8913	YP413	14	25	16	11	11	12	11	17	16	14	19	13	16	11
263212	YP413	14	25	16	11	11	12	11	17	17	14	20	12	16	11
M8448	YP413	14	25	16	11	11	13	11	17	16	14	20	12	16	11
M7278	YP413	14	25	16	11	11	12	11	17	16	14	20	12	16	11
202698	Z2122	13	25	16	10	10	13	11	18	14	14	20	12	15	11
324883	Z2122	13	25	16	11	11	13	12	18	16	14	20	13	16	11
444684	Z2122	13	24	15	11	10	13	11	18	15	14	20	11	16	11
179005	Z2122	13	24	15	11	10	13	11	18	15	14	20	12	16	11
158657	Z2122	13	25	15	11	10	14	11	17	17	14	20	12	16	11
50283	Z2122	13	24	15	11	10	13	11	18	16	14	20	12	15	11
259835	Z2122	13	23	16	11	10	13	11	18	16	14	20	12	15	11
82376	Z2122	13	24	15	11	10	13	11	18	16	14	20	12	15	11
134230	Z2122	13	24	16	11	10	13	11	18	16	14	20	12	15	11
294904	Z2122	13	24	16	11	10	13	11	18	16	14	20	13	15	11
5797	Z2122	13	25	16	11	11	14	11	17	15	14	20	13	15	11
373173	Z2122	13	25	16	11	10	14	11	17	15	14	19	12	15	11
277359	Z2122	13	25	16	11	10	13	11	18	16	14	20	12	16	11
116213	Z2122	13	24	16	11	10	13	11	17	16	14	20	11	17	11
350825	Z2122	13	24	16	11	10	13	11	18	15	14	20	11	17	11
164707	Z2122	13	24	15	11	10	13	11	16	15	14	20	12	15	11
B1139	Z2122	13	25	15	10	10	13	11	18	15	14	20	11	15	11
345661	Z2122	13	25	16	11	11	13	11	17	15	14	20	11	15	11
209438	Z2122	13	24	15	11	10	13	11	18	15	14	20	11	15	11
172849	Z2122	13	25	15	11	10	13	11	17	16	14	20	13	15	11
295213	Z2122	13	25	16	11	10	13	11	18	16	14	20	11	15	12
M8586	Z2122	13	25	17	11	10	13	11	17	14	14	20	11	15	11
M6280	Z2122	13	25	17	11	10	13	11	17	14	14	20	11	15	11
M7243	Z2122	13	25	17	11	10	13	11	17	14	14	20	11	15	11
415879	Z2122	13	25	17	11	10	13	11	17	14	14	20	11	15	11
566380	Z2122	14	24	16	11	10	13	11	16	16	14	20	12	17	10
270161	Z2122	14	25	16	11	10	13	11	16	15	14	20	12	16	11
183799	Z2122	14	25	16	11	10	13	11	18	15	14	20	13	15	11
447312	Z2122	14	24	16	10	10	14	11	17	15	14	20	12	15	11
348692	Z2122	14	25	16	11	10	13	11	18	16	14	20	12	15	11
275621	Z2122	14	25	15	10	10	13	11	18	16	14	20	12	15	11
278326	Z2122	14	24	16	11	10	14	11	17	16	14	20	12	15	11
265134	Z2122	14	26	16	11	12	13	11	18	15	14	20	12	15	11
B1340	Z2122	14	26	16	12	12	13	11	18	15	14	20	12	15	11
118967	Z2122	14	24	15	11	10	13	11	18	15	14	19	11	15	11
108628	Z2122	14	25	15	11	10	13	11	18	16	14	20	10	15	11
B2982	Z2122	14	25	15	11	10	13	12	18	16	14	20	10	15	11
84103	Z2122	14	25	16	11	10	13	11	18	16	14	20	11	16	11
221090	Z2122	14	25	16	10	10	14	11	18	13	14	20	12	15	11
148160	Z2122	14	24	16	11	11	13	11	18	15	14	20	11	15	12
307952	Z2122	14	25	16	11	10	13	11	18	15	14	20	12	16	11
223765	Z2122	14	25	17	11	10	13	12	18	15	14	20	11	15	11
240102	Z2122	14	25	15	11	12	15	11	17	15	14	20	11	15	11
95243	Z2122	14	25	16	10	10	13	11	18	15	14	20	12	15	11
307583	Z2122	14	24	15	10	11	13	11	16	14	14	20	12	15	11
204910	Z2122	14	24	16	10	10	13	11	18	15	14	20	12	15	11
N113435	Z2122	14	25	15	11	10	13	11	18	16	14	21	12	15	11
N22839	Z2122	14	25	16	10	10	13	11	18	15	15	20	12	15	11
N140673	Z2122	14	25	16	11	10	13	12	17	15	14	20	13	15	12
259937	Z2122	14	24	15	11	10	13	11	17	15	14	20	11	15	11
291025	Z2122	14	25	16	10	10	13	11	18	15	14	20	11	14	11
N42405	Z2122	14	25	16	10	10	14	11	18	15	14	20	12	15	11
N13219	Z2122	14	25	17	11	10	13	11	18	16	14	20	11	16	12
29706	Z2122	14	25	17	11	10	13	11	18	16	14	20	12	16	12
158380	Z2122	14	24	15	10	10	13	11	16	15	14	19	11	15	11
172263	Z2122	14	24	15	11	10	13	11	17	15	14	19	11	15	11
296369	Z2122	14	24	15	11	10	13	11	17	15	14	19	11	15	11
277627	Z2122	15	25	17	11	10	13	11	18	15	14	21	12	16	12
361514	Z2123	11	24	16	10	10	12	11	18	16	14	20	11	16	11
M9090	Z2123	12	25	16	11	10	13	11	16	15	14	20	11	15	11
M7180	Z2123	12	25	16	11	10	13	11	18	15	15	20	12	17	11
195023	Z2123	12	23	16	11	10	13	11	16	16	14	20	11	15	11
N9119	Z2123	12	24	16	11	10	13	11	17	16	14	20	10	15	11
B49476	Z2123	13	24	17	11	10	13	11	18	15	14	20	11	15	11
42981	Z2123	13	25	17	11	10	13	11	17	15	14	20	11	16	11
221184	Z2123	13	25	17	11	10	13	11	17	15	14	20	11	16	11
239987	Z2123	13	25	15	11	10	13	11	18	15	14	20	11	15	11
639602	Z2123	13	25	17	11	10	13	11	18	17	14	19	12	16	11
M9512	Z2123	13	25	17	11	11	13	11	17	15	14	19	12	15	11
M9513	Z2123	13	25	17	11	11	13	11	17	15	14	19	12	15	11
M9514	Z2123	13	25	17	11	11	13	11	17	15	14	19	12	15	11
314758	Z2123	13	25	17	11	11	13	11	17	15	14	19	12	15	11
300262	Z2123	13	25	16	11	10	13	11	17	15	14	19	11	15	11
263725	Z2123	13	25	16	11	10	13	11	17	15	14	19	11	16	11
N51951	Z2123	13	25	16	10	10	13	11	17	15	14	19	11	16	11
N3982	Z2123	13	25	16	11	10	12	11	17	15	14	19	11	15	11
73743	Z2123	13	25	16	11	10	13	11	17	15	14	19	11	15	11
N83118	Z2123	13	25	16	11	10	13	11	17	15	14	19	11	16	11
242535	Z2123	13	25	16	11	10	13	11	17	15	14	19	11	16	11
237819	Z2123	13	25	16	11	10	13	11	18	15	14	19	11	16	11
515351	Z2123	13	26	15	11	10	14	11	18	15	14	19	12	15	11
M6982	Z2123	13	24	16	11	10	13	11	16	14	14	20	11	16	11
178906	Z2123	13	25	16	10	10	13	11	16	15	14	20	11	17	11
M7066	Z2123	13	25	16	10	10	13	11	16	15	14	20	11	16	11
162855	Z2123	13	25	16	10	10	13	11	16	15	14	20	11	17	11
178907	Z2123	13	25	16	10	10	13	11	16	15	14	20	11	17	11
178905	Z2123	13	25	16	10	10	13	11	16	15	14	20	11	17	11
160271	Z2123	13	25	16	10	10	13	11	16	15	14	20	11	17	11
157103	Z2123	13	25	16	10	10	13	11	16	15	14	20	11	17	11
M6895	Z2123	13	25	16	10	10	13	11	16	15	14	20	11	17	11
157619	Z2123	13	25	16	10	10	13	11	16	15	14	20	11	17	11
157621	Z2123	13	25	16	10	10	13	11	16	15	14	20	11	17	11
M7059	Z2123	13	25	16	11	10	13	11	16	15	14	20	11	16	11
519800	Z2123	13	25	16	11	10	13	11	16	15	14	20	11	16	11
M9801	Z2123	13	25	16	11	10	13	11	16	15	14	20	11	15	11
M6458	Z2123	13	25	16	11	10	13	11	16	15	14	20	11	15	11
M6679	Z2123	13	25	16	11	10	13	11	16	15	14	20	11	16	11
M6183	Z2123	13	25	16	11	10	13	11	16	15	14	20	11	16	11
M6285	Z2123	13	25	16	11	11	13	11	16	15	14	20	11	16	11
M6459	Z2123	13	25	16	13	10	13	11	16	15	14	20	11	16	11
M7013	Z2123	13	26	16	10	10	13	11	16	15	14	20	11	16	11
M8568	Z2123	13	25	16	11	10	13	11	18	15	15	20	12	18	11
67603	Z2123	13	23	15	11	10	13	11	18	15	14	20	12	15	11
181089	Z2123	13	25	17	11	10	13	11	18	13	14	20	11	15	11
13091	Z2123	13	24	15	11	10	12	11	17	16	14	20	12	16	11
235754	Z2123	13	25	16	10	10	13	11	16	14	14	20	11	16	11
219516	Z2123	13	25	17	10	10	13	11	17	14	14	20	11	16	11
295767	Z2123	13	25	15	11	10	13	11	18	14	14	20	11	16	11
B5766	Z2123	13	25	16	11	10	12	11	18	15	14	20	10	16	11
209969	Z2123	13	26	16	10	10	13	11	17	15	14	20	12	15	11
359531	Z2123	13	25	15	10	9	14	11	17	15	14	20	12	16	11
307188	Z2123	13	23	16	11	10	12	11	18	15	13	20	11	15	11
367530	Z2123	13	24	16	10	10	12	11	18	15	13	20	11	15	11
518729	Z2123	13	25	16	11	10	12	11	19	14	13	20	11	16	11
257286	Z2123	13	25	16	11	10	13	11	16	15	14	20	11	16	11
2914	Z2123	13	25	16	11	10	14	11	16	15	14	20	11	16	11
182102	Z2123	13	24	16	11	10	13	11	17	15	14	20	11	15	11
B82688	Z2123	13	24	16	10	10	13	11	18	15	14	0	11	15	11
103319	Z2123	13	25	16	11	10	12	11	19	16	14	20	11	14	11
141188	Z2123	13	25	18	11	10	12	11	18	15	14	20	12	15	11
180380	Z2123	13	25	15	11	10	13	11	16	14	14	20	11	16	11
251923	Z2123	13	25	15	11	10	13	11	16	14	14	20	11	16	11
368509	Z2123	13	25	15	10	11	13	11	16	15	14	20	11	15	11
160543	Z2123	13	25	15	10	11	13	11	16	15	14	20	11	15	11
M10454	Z2123	13	25	15	10	11	13	11	18	15	14	20	12	18	11
M6890	Z2123	13	24	16	11	11	13	11	18	15	14	20	12	15	12
M9356	Z2123	13	25	15	10	10	13	11	17	15	14	20	12	17	11
M7015	Z2123	13	25	16	11	10	13	11	16	15	14	20	12	15	11
190268	Z2123	13	26	16	11	10	13	11	16	15	14	20	12	16	11
M7262	Z2123	13	26	17	11	10	13	11	16	15	14	20	12	16	11
76776	Z2123	13	24	15	11	10	13	11	17	16	14	20	12	17	11
636755	Z2123	13	25	16	10	10	12	11	18	16	14	20	11	16	11
B5513	Z2123	13	24	15	10	10	13	11	16	16	14	20	10	18	12
135081	Z2123	13	23	16	11	12	13	11	18	15	14	20	11	16	11
152829	Z2123	13	24	16	10	12	13	11	17	15	14	20	11	16	11
186813	Z2123	13	24	16	11	12	12	11	18	15	14	20	11	16	11
186806	Z2123	13	24	16	11	12	13	11	18	15	14	20	11	16	11
186124	Z2123	13	24	16	11	12	13	11	18	15	14	20	11	15	11
187399	Z2123	13	24	16	11	12	13	11	18	15	14	20	11	16	11
246667	Z2123	13	24	16	11	12	13	11	18	15	14	20	11	16	11
198276	Z2123	13	24	16	11	12	13	11	18	15	14	20	10	16	11
203303	Z2123	13	24	16	12	12	13	11	18	15	14	20	11	17	11
242771	Z2123	13	25	16	11	10	13	11	18	16	14	20	12	15	11
M7432	Z2123	13	24	16	10	10	14	14	18	15	14	20	12	16	11
174584	Z2123	13	24	15	10	10	13	11	17	15	14	20	11	15	11
M8716	Z2123	13	24	15	10	10	13	11	17	15	14	21	12	16	11
164862	Z2123	13	25	17	11	10	13	11	16	15	14	20	11	15	11
196269	Z2123	13	25	17	11	10	13	11	17	15	14	20	11	15	11
M7274	Z2123	13	25	16	11	10	13	11	17	16	14	20	11	17	11
191386	Z2123	13	25	15	11	10	13	11	19	15	14	20	11	15	11
N35042	Z2123	13	23	16	11	10	13	11	17	17	14	20	12	15	11
N77532	Z2123	13	24	16	10	11	13	11	17	16	14	20	11	17	11
H1483	Z2123	13	25	16	10	10	13	11	18	16	14	20	11	15	11
M9802	Z2123	13	25	15	11	10	13	11	17	16	15	20	12	15	11
297806	Z2123	13	25	16	11	10	13	11	16	15	14	20	12	15	11
518725	Z2123	13	24	15	10	10	12	11	17	15	14	20	12	16	11
200941	Z2123	13	24	15	10	10	12	11	17	15	14	19	12	16	11
239748	Z2123	13	24	15	11	10	12	11	19	16	14	20	12	16	11
429402	Z2123	13	24	15	11	10	12	11	19	16	14	20	12	15	12
B161405	Z2123	13	25	16	10	10	12	11	17	15	14	20	12	16	11
277360	Z2123	13	25	16	11	10	12	11	17	15	14	20	12	16	11
211933	Z2123	13	25	16	11	10	12	11	17	15	14	20	12	16	11
202905	Z2123	13	25	15	11	11	12	11	17	16	14	20	12	16	11
291852	Z2123	13	24	15	11	10	12	11	17	16	14	20	12	17	11
291817	Z2123	13	25	15	10	10	12	11	16	15	14	20	12	17	11
291841	Z2123	13	25	15	11	10	12	11	17	15	14	20	12	17	11
277503	Z2123	13	25	15	11	10	12	11	17	15	14	20	12	16	11
277329	Z2123	13	25	15	11	10	12	11	17	15	14	20	11	16	11
290827	Z2123	13	25	15	11	10	12	11	17	16	15	20	12	17	11
306113	Z2123	13	25	16	10	10	12	11	17	15	14	20	12	18	11
275622	Z2123	13	25	16	10	10	12	11	17	15	14	20	13	16	11
309705	Z2123	13	25	16	11	10	12	11	17	15	14	20	12	16	11
318221	Z2123	13	25	16	11	10	12	11	17	16	14	20	12	16	11
294587	Z2123	13	26	16	11	10	12	11	17	15	14	20	13	16	11
309709	Z2123	13	25	16	11	11	12	11	16	15	14	19	12	15	11
321258	Z2123	13	25	16	11	11	12	11	17	15	14	19	11	16	11
240222	Z2123	13	25	15	11	10	13	11	18	15	14	20	12	16	11
306446	Z2123	13	25	16	11	10	13	11	18	15	14	20	12	16	11
M7058	Z2123	13	25	16	10	10	12	11	19	15	14	20	11	17	11
247851	Z2123	13	25	16	11	10	12	11	17	15	14	20	12	14	11
217168	Z2123	13	25	16	11	10	12	11	19	15	14	19	11	16	11
B2586	Z2123	13	25	16	11	10	12	11	18	16	14	20	11	15	11
N3798	Z2123	13	25	16	11	10	13	11	18	15	14	20	11	16	11
M6851	Z2123	13	25	16	10	10	13	11	18	16	14	20	11	16	11
M6698	Z2123	13	25	16	10	10	13	11	18	16	14	20	11	16	11
M6853	Z2123	13	25	16	10	10	13	11	18	16	14	20	11	16	11
M6699	Z2123	13	25	16	10	10	13	11	18	16	14	20	11	16	11
M6132	Z2123	13	25	15	10	10	13	11	16	15	14	20	11	16	11
N101746	Z2123	13	25	16	10	10	13	11	18	15	14	20	12	16	11
278187	Z2123	13	25	17	10	10	13	11	17	16	14	20	11	15	11
M9055	Z2123	13	25	15	11	10	13	11	17	16	14	19	12	15	11
429048	Z2123	13	25	15	10	10	13	11	16	19	14	19	11	16	11
366766	Z2123	13	25	15	11	10	13	11	17	16	14	20	11	15	11
216270	Z2123	13	25	16	10	10	13	11	18	15	14	19	12	15	11
M7199	Z2123	13	25	16	10	10	13	11	18	15	14	19	13	16	11
188777	Z2123	13	25	16	10	10	13	11	18	15	14	19	11	16	11
277523	Z2123	13	24	15	11	10	13	11	17	15	14	21	11	16	11
186398	Z2123	13	24	16	10	11	13	11	18	15	14	20	11	15	11
M7030	Z2123	13	22	17	11	10	13	11	17	17	14	20	12	16	11
318946	Z2123	13	25	15	11	10	13	11	18	16	14	21	11	16	11
255385	Z2123	13	25	16	11	10	13	11	18	15	14	20	11	15	11
71094	Z2123	13	25	16	11	10	14	11	18	15	14	20	11	16	11
465634	Z2123	14	25	16	10	10	13	11	18	15	14	20	11	16	10
M8096	Z2123	14	25	15	11	10	13	11	18	15	14	20	11	16	11
167034	Z2123	14	26	15	10	10	12	11	18	16	14	20	11	15	11
294504	Z2123	14	26	15	10	10	12	11	18	16	14	20	11	15	11
370294	Z93*	13	25	15	10	11	13	11	18	15	14	20	10	15	11
189816	Z93*	13	24	16	11	10	13	11	18	15	14	20	11	16	11
M7987	Z93*	13	24	17	10	10	13	11	17	15	14	20	11	16	11
222776	Z93*	13	25	15	11	10	13	11	18	15	14	21	12	15	11
N77266	Z93*	13	25	16	10	10	13	11	18	17	14	20	12	16	11
270216	Z93*	13	25	16	11	10	13	11	19	15	14	20	11	15	12
M8143	Z93*	13	25	16	10	11	13	11	17	15	15	20	11	16	11
290208	Z93*	13	25	16	11	10	13	11	17	15	14	20	11	17	11
312482	Z93*	13	25	16	11	10	13	11	19	15	14	20	12	15	11
360682	Z93*	13	26	16	11	10	13	11	16	15	15	20	11	15	11
188931	Z93*	13	24	15	11	10	13	11	17	14	14	20	11	16	11
204324	Z93*	13	24	15	11	10	13	11	18	14	14	20	11	16	11
M6712	Z93*	13	24	15	11	10	13	11	18	14	14	20	11	16	11
270141	Z93*	13	23	15	11	10	14	11	18	15	14	20	11	16	11
181512	Z93*	13	22	15	11	10	14	11	18	16	14	20	11	16	11
106946	Z93*	13	22	15	11	10	14	11	18	16	14	20	11	16	11
171110	Z93*	13	24	15	11	10	14	11	18	17	14	20	11	16	11
266917	Z93*	13	24	15	11	10	13	11	17	16	14	19	11	16	11
48908	Z93*	13	25	15	11	10	13	11	17	16	14	20	12	15	11
B101352	Z93*	13	25	15	11	10	13	11	17	15	14	21	11	15	10
H1227	Z93*	13	25	16	11	10	13	11	17	15	14	21	11	15	10
226562	Z93*	13	25	16	11	10	13	11	17	15	14	21	11	15	10
167830	Z93*	13	25	16	11	10	12	11	17	15	14	22	11	15	10
312265	Z93*	13	25	16	11	10	13	11	17	15	14	21	11	15	10
2923	Z93*	13	25	16	11	10	13	11	17	15	14	21	11	15	10
75418	Z93*	13	25	16	11	10	13	11	17	15	14	21	11	15	9
217462	Z93*	13	25	16	11	10	13	11	17	15	14	21	11	15	10
341790	Z93*	13	25	16	11	10	13	11	17	15	14	21	11	15	10
491032	Z93*	13	25	16	11	10	13	11	18	15	14	21	11	15	10
N10407	Z93*	13	25	16	11	10	14	11	17	15	14	21	12	15	10
154618	Z93*	13	25	16	11	10	13	11	17	16	14	21	11	15	10
200932	Z93*	13	25	16	11	10	13	11	17	16	14	21	11	15	10
339172	Z93*	13	25	16	11	10	13	11	17	16	14	21	11	15	10
372511	Z93*	13	25	16	11	10	13	11	17	16	14	21	11	15	10
198418	Z93*	13	25	16	11	10	13	11	17	16	14	21	11	15	10
149349	Z93*	13	25	15	11	10	14	11	17	16	14	21	11	15	10
117682	Z93*	13	25	16	11	10	13	11	16	15	14	21	11	15	10
192288	Z93*	13	25	16	11	10	13	11	17	16	14	21	11	15	10
229056	Z93*	13	25	16	11	10	13	11	17	16	14	21	11	15	10
191631	Z93*	13	25	16	11	10	13	11	17	16	14	21	11	15	10
177151	Z93*	13	25	16	11	10	13	11	17	16	14	21	11	15	10
281885	Z93*	13	25	16	11	10	13	11	17	16	14	21	11	15	10
245803	Z93*	13	25	16	11	10	13	11	17	16	14	21	11	15	10
50058	Z93*	13	25	16	11	10	13	11	17	16	14	21	11	15	10
192978	Z93*	13	25	16	11	10	13	11	17	16	14	21	11	15	10
164190	Z93*	13	25	16	11	11	13	11	17	16	14	21	11	15	10
147177	Z93*	13	25	16	11	10	13	11	17	16	14	21	11	15	10
270082	Z93*	13	25	16	11	10	13	11	17	16	14	21	11	15	10
103805	Z93*	13	25	16	10	10	13	11	17	16	14	21	11	15	10
309561	Z93*	13	24	16	11	10	13	11	17	15	14	20	12	15	11
275672	Z93*	13	24	16	11	10	13	11	17	16	14	20	11	15	11
234858	Z93*	13	25	15	11	10	13	11	17	15	14	20	12	14	11
277386	Z93*	13	25	15	11	10	13	11	17	15	14	20	12	15	11
M7858	Z93*	13	25	15	11	10	13	11	17	15	14	20	12	15	11
M7171	Z93*	13	25	15	11	10	13	11	17	15	14	20	12	15	11
182325	Z93*	13	25	15	11	10	13	11	17	15	14	20	12	16	11
N39147	Z93*	13	24	17	10	10	13	10	18	15	14	22	12	15	11
111245	Z93*	13	24	17	10	10	13	11	18	15	14	21	11	15	11
274445	Z93*	13	25	16	11	10	13	11	18	16	14	20	12	14	11
K1847	Z93*	13	24	15	11	10	13	11	17	17	14	20	11	15	11
363629	Z93*	13	24	16	11	10	13	11	16	17	14	20	12	15	11
364998	Z93*	13	24	16	11	10	13	11	16	16	14	20	12	16	11
344607	Z93*	13	24	17	10	10	13	11	17	15	15	20	11	16	11
M6469	Z93*	13	22	16	11	10	13	11	18	15	15	20	11	17	11
M6630	Z93*	13	23	16	10	10	13	11	18	15	15	20	11	16	11
346242	Z93*	13	25	15	11	13	13	11	17	17	14	20	11	16	11
N25204	Z93*	13	25	15	11	13	13	11	17	17	14	20	11	16	11
210861	Z93*	13	26	15	11	12	13	11	18	15	14	21	12	15	11
M6462	Z93*	13	24	15	10	10	13	11	18	16	14	20	12	16	11
225441	Z93*	13	24	16	11	10	13	11	16	16	14	20	12	16	11
N44441	Z93*	13	24	16	11	10	13	11	17	15	14	19	11	15	11
192072	Z93*	13	25	16	11	10	13	11	18	15	14	20	12	18	11
M6710	Z93*	13	26	15	11	10	13	11	17	18	14	20	12	15	11
M6047	Z93*	13	24	16	11	10	13	11	18	15	14	20	12	15	11
207551	Z93*	13	24	17	10	10	13	11	17	16	14	20	11	15	11
197670	Z93*	13	25	16	10	10	13	11	18	16	14	20	11	16	11
227190	Z93*	13	25	16	10	10	14	11	16	16	14	20	12	14	11
M7001	Z93*	13	25	16	10	10	13	11	16	15	14	20	11	15	11
M6619	Z93*	13	25	16	11	10	14	11	18	17	14	0	11	16	11
E11612	Z93*	13	25	17	10	10	13	11	18	15	14	20	11	15	11
92134	Z93*	14	25	15	11	10	14	11	16	15	14	21	10	16	11
212823	Z93*	14	25	15	10	10	14	11	16	16	14	20	11	16	11
221419	Z93*	14	24	16	10	10	13	11	17	16	14	20	11	16	11
236625	Z93*	14	24	16	10	10	13	11	18	16	14	20	12	16	11
