Kit Number	Haplogroup	DYS393	DYS390	DYS19	DYS391	DYS439	DYS389A	DYS392	DYS389B	DYS458	DYS437	DYS448	Y-GATA-H4	DYS456	DYS438	DYS635
III. BÃ©la	???	13	25	16	11	10	13	11	20	15	14	20	12	16	11	23
N155604	L664	12	24	17	10	10	13	11	17	16	14	19	11	16	11	23
83108	L664	13	25	16	10	10	14	11	17	15	14	19	11	16	11	23
N98319	L664	13	25	16	10	10	14	11	17	15	14	19	11	16	11	23
333125	L664	13	24	16	10	10	13	11	19	15	14	19	11	16	11	23
348790	L664	13	25	16	10	11	14	11	17	15	14	19	11	16	11	23
337966	L664	13	25	16	10	11	14	12	17	15	14	19	11	15	11	23
131656	L664	13	24	16	10	11	14	11	17	15	14	19	11	16	11	23
169505	L664	13	25	16	10	11	14	11	17	15	14	19	11	16	11	23
337277	L664	13	25	16	10	11	14	11	17	15	14	19	11	16	11	23
103641	L664	13	25	16	10	10	13	11	17	15	14	19	10	15	11	23
150186	L664	13	25	16	10	10	13	11	17	15	14	19	11	16	11	23
N5402	L664	13	25	16	10	10	13	11	18	15	14	19	10	16	11	23
50946	L664	13	25	15	10	10	13	11	17	15	14	19	10	15	11	23
102545	L664	13	25	16	10	10	13	11	17	15	14	19	10	15	11	23
43660	L664	13	25	16	10	10	13	11	17	14	14	19	11	16	11	23
232223	L664	13	25	16	10	10	13	11	17	15	14	19	11	15	11	23
150970	L664	13	25	16	10	10	13	11	17	15	14	19	11	16	11	23
66304	L664	13	25	16	10	10	13	12	17	15	14	19	11	16	11	23
43111	L664	13	25	16	10	10	13	12	17	15	14	19	11	16	11	23
150185	L664	13	25	16	10	10	13	12	17	15	14	19	11	16	11	23
H1358	L664	13	25	15	10	10	14	11	17	15	14	20	11	15	11	23
151896	L664	13	25	15	10	10	14	11	17	16	14	19	11	15	11	23
167249	L664	13	25	15	10	10	14	11	16	15	14	19	11	16	11	23
130729	L664	13	24	17	10	10	14	11	17	15	14	19	11	15	11	23
54319	L664	13	24	17	10	10	13	11	18	16	14	19	11	15	11	23
138082	L664	13	24	16	10	10	13	11	17	15	14	19	10	16	11	23
346545	L664	13	24	17	10	10	13	11	17	15	14	19	11	16	11	23
N17700	L664	13	25	16	10	11	13	11	17	15	14	19	11	16	11	23
257192	L664	13	25	17	10	11	13	11	17	15	14	19	11	15	11	23
N74201	L664	13	25	17	10	11	13	11	17	15	14	19	11	16	11	23
329353	L664	13	24	16	10	11	13	11	16	15	14	19	11	16	12	23
378691	L664	13	25	18	10	11	13	11	17	15	14	19	11	16	12	23
370212	L664	13	24	16	10	11	13	11	17	15	14	19	11	15	11	23
469442	L664	13	25	15	10	10	13	11	16	15	14	19	11	16	11	24
313495	L664	13	25	15	10	10	13	11	17	15	14	19	11	15	11	24
67404	L664	13	24	15	10	10	13	11	19	14	14	19	11	15	11	24
474214	L664	13	24	15	10	10	13	11	19	14	15	19	11	15	11	24
35372	L664	13	24	15	10	11	13	11	19	14	15	19	11	15	11	24
373206	L664	13	24	15	10	10	13	11	18	15	14	19	11	15	11	24
N17090	L664	13	25	15	10	10	13	11	18	15	14	19	11	15	11	24
356214	L664	13	24	15	10	10	13	11	17	15	14	20	11	15	12	25
183137	L664	13	24	15	10	10	13	11	17	15	14	20	11	15	12	25
322003	L664	13	25	15	10	10	13	11	17	15	14	20	11	15	12	25
86029	L664	13	25	15	10	10	13	11	17	15	14	20	11	15	12	25
247447	L664	13	25	15	10	10	13	11	17	15	14	20	11	15	12	25
340616	L664	13	26	15	10	10	13	11	18	15	14	19	11	15	11	25
268194	L664	13	25	15	11	10	13	11	19	15	14	19	11	15	11	24
377958	L664	13	25	15	12	10	13	11	18	15	14	19	11	15	11	24
268077	L664	13	24	15	10	10	13	11	18	15	14	19	11	15	11	24
580595	L664	13	24	15	10	10	13	11	18	15	14	19	11	15	11	24
B1260	L664	13	25	15	10	10	13	11	18	15	14	19	11	14	11	24
45565	L664	13	25	15	10	10	13	11	19	15	14	19	11	14	11	24
21186	L664	13	25	15	10	10	13	11	19	15	14	19	11	14	11	24
22990	L664	13	25	15	10	10	13	11	19	15	14	19	11	14	11	24
65387	L664	13	24	15	10	10	12	11	19	14	14	19	11	15	11	24
195565	L664	13	25	15	10	10	12	11	18	15	14	19	11	15	11	24
323276	L664	13	24	15	10	10	12	11	18	15	14	19	11	15	11	24
5036	L664	13	25	15	10	10	12	11	19	15	14	19	11	15	11	24
507568	L664	13	25	15	10	10	13	11	18	15	14	19	11	15	11	24
202251	L664	13	25	15	10	10	13	11	19	15	14	19	11	15	11	24
353486	L664	13	25	15	10	10	13	11	18	16	14	19	11	15	11	24
162509	L664	13	25	15	10	10	13	11	18	16	14	19	11	15	11	24
221973	L664	13	25	15	10	10	14	11	17	16	14	19	11	15	11	24
28801	L664	13	25	15	10	10	14	11	17	16	14	19	11	15	11	24
B4339	L664	13	25	15	10	10	13	11	19	15	14	19	11	15	12	24
3392	L664	13	25	15	10	10	13	11	19	15	14	19	11	15	12	24
21915	L664	13	25	15	10	10	13	11	18	15	14	19	11	15	11	24
44879	L664	13	25	15	10	10	13	11	18	15	14	19	11	15	11	24
129934	L664	13	25	15	10	10	13	11	18	15	14	19	11	15	11	24
16786	L664	13	25	15	10	11	13	11	18	15	14	19	11	15	11	24
22564	L664	13	24	15	10	10	13	11	18	15	14	19	11	15	11	24
N57055	L664	13	26	15	11	10	12	11	18	15	14	19	11	15	11	24
N131823	L664	13	26	15	10	10	13	11	17	15	14	19	11	15	11	24
390610	L664	13	26	15	11	10	13	11	18	15	14	19	11	15	11	24
12460	L664	13	25	15	10	10	14	11	18	15	14	19	11	15	11	24
6646	L664	13	25	15	10	10	14	11	19	15	14	19	11	15	11	25
70909	L664	13	25	15	10	10	14	11	19	15	14	19	11	15	11	24
129135	L664	13	25	15	10	10	14	11	19	15	14	19	11	16	11	24
210992	L664	13	25	16	10	10	14	11	18	15	14	19	11	15	11	24
200176	L664	13	24	15	11	10	13	11	18	16	14	19	11	15	11	24
229866	L664	13	25	15	10	10	13	11	17	15	14	19	11	15	11	24
230071	L664	13	25	15	10	10	13	11	18	15	14	19	11	15	11	24
N112972	L664	13	25	15	10	10	13	11	19	15	14	19	11	15	11	24
B223817	L664	13	25	15	10	10	13	11	19	15	14	19	11	15	11	24
B6675	L664	13	25	15	10	10	13	11	19	15	14	19	11	15	11	24
80370	L664	13	25	15	10	10	14	10	19	15	14	19	11	15	11	25
161649	L664	13	25	15	10	10	14	11	17	15	14	19	11	15	11	24
332868	L664	13	25	15	10	11	13	11	19	16	14	19	11	16	11	24
201971	L664	13	25	15	10	10	14	11	19	15	14	19	11	15	11	24
246533	L664	13	25	15	10	10	13	11	17	15	14	19	11	16	11	24
B13531	L664	13	24	15	10	10	13	11	17	15	14	19	11	15	11	24
106186	L664	13	26	15	10	10	13	11	18	15	14	19	11	15	11	24
U2624	L664	13	25	15	10	10	14	11	17	15	14	19	11	16	11	24
313169	L664	13	26	16	10	11	13	11	17	15	14	19	11	16	11	24
228797	L664	13	25	16	10	11	13	11	16	13	14	19	9	16	11	24
167994	L664	13	24	15	10	11	14	11	17	15	14	19	11	16	11	24
2374	L664	13	26	16	10	10	14	11	18	15	14	19	11	16	11	25
177070	L664	13	24	16	10	10	13	8	17	15	15	19	11	15	11	25
106569	L664	13	24	16	10	10	13	8	17	15	15	19	11	15	11	25
52317	L664	13	25	16	10	11	13	11	16	14	14	19	11	16	11	23
177896	L664	14	25	15	10	10	13	11	17	15	14	19	10	14	11	24
B2610	L664	14	25	15	10	10	13	11	17	15	14	19	11	14	11	24
228839	L664	14	25	15	10	10	13	11	19	15	14	19	11	15	11	24
146457	L664	15	26	16	11	10	13	11	17	15	14	19	12	16	11	23
231803	M458	12	25	16	10	11	14	11	16	16	14	20	11	17	11	23
97621	M458	12	25	15	10	11	13	11	16	16	14	20	12	16	11	23
221882	M458	12	25	16	10	11	13	11	16	17	14	20	11	17	11	23
N75772	M458	12	25	17	10	11	13	11	17	17	14	20	11	17	11	23
232324	M458	12	25	16	10	11	13	11	16	16	14	20	11	17	11	23
99825	M458	12	25	16	11	11	13	11	16	16	14	20	11	17	11	23
309548	M458	12	25	16	10	11	13	11	17	16	14	20	11	16	11	23
44591	M458	13	25	17	11	10	12	11	18	16	14	20	11	16	11	23
264355	M458	13	25	17	11	10	13	11	18	16	14	20	11	16	11	23
281796	M458	13	25	16	11	11	13	11	16	16	14	20	11	16	11	23
182590	M458	13	25	15	10	10	13	11	16	16	14	20	11	15	11	23
325708	M458	13	25	15	10	12	13	11	16	15	15	20	11	19	11	23
107135	M458	13	24	15	10	11	13	11	16	16	14	20	10	17	11	23
116853	M458	13	25	16	10	11	12	11	16	17	14	19	11	17	11	24
454266	M458	13	25	16	10	11	13	11	16	16	14	20	11	18	11	23
355598	M458	13	25	16	10	11	13	11	16	16	14	20	11	17	11	23
N94047	M458	13	25	16	10	11	13	11	16	16	14	20	11	17	11	23
363373	M458	13	25	16	10	11	13	11	16	16	14	20	11	17	11	23
227847	M458	13	25	16	10	11	13	11	17	16	14	20	11	17	11	23
B1666	M458	13	25	16	11	11	14	11	16	16	14	20	11	16	11	23
686813	M458	13	25	16	10	11	13	11	17	16	14	20	11	17	11	23
290251	M458	13	25	17	10	11	14	11	16	16	14	20	11	17	11	23
481075	M458	13	26	16	10	12	13	11	16	16	14	21	11	16	11	23
196430	M458	13	25	16	10	11	13	11	16	16	14	20	11	16	11	23
299164	M458	13	25	16	10	11	13	11	17	16	14	20	11	17	11	23
N70675	M458	13	25	15	10	12	13	11	17	16	14	20	11	17	11	23
278248	M458	13	25	16	10	12	13	11	17	16	14	20	11	17	11	23
170948	M458	13	25	16	10	11	14	11	16	15	14	20	11	17	11	23
81980	M458	13	25	16	10	12	13	11	16	16	14	20	11	16	11	23
225213	M458	13	25	16	10	12	13	11	16	15	14	20	11	16	11	23
E9130	M458	13	25	16	11	11	13	11	16	16	14	20	11	17	11	23
253025	M458	13	25	16	10	11	13	11	16	16	14	20	11	18	11	23
E16127	M458	13	25	16	11	11	13	11	16	16	14	20	11	17	11	23
199575	M458	13	25	16	10	11	13	11	16	16	14	20	10	15	11	23
230537	M458	13	25	16	10	11	13	11	16	16	14	20	12	17	11	23
148019	M458	13	25	16	10	11	13	11	16	16	14	20	11	18	11	23
N25798	M458	13	25	16	10	11	13	11	16	16	14	20	11	18	11	23
178255	M458	13	25	15	10	11	13	11	16	17	14	20	11	17	11	23
454588	M458	13	25	15	10	11	13	11	16	16	14	20	11	18	11	23
418325	M458	13	25	15	10	11	13	11	16	16	14	20	11	17	11	23
B1359	M458	13	25	15	10	11	13	11	16	15	14	20	11	17	11	23
128120	M458	13	25	15	10	11	13	11	16	16	14	20	11	17	11	23
198486	M458	13	25	15	10	11	13	11	16	16	14	20	11	17	11	23
B10401	M458	13	25	15	10	11	13	11	16	16	14	20	11	17	11	23
442382	M458	13	25	15	10	11	13	11	17	17	14	20	11	17	11	23
H1915	M458	13	25	15	10	11	13	11	16	17	14	20	11	17	11	23
338076	M458	13	25	16	10	11	13	11	16	16	14	20	11	17	11	23
506125	M458	13	25	16	10	10	13	11	16	17	14	20	11	14	11	23
N21930	M458	13	25	16	10	11	13	11	16	15	14	20	11	18	11	23
227327	M458	13	24	15	10	11	13	11	16	17	14	20	11	17	11	23
N115033	M458	13	26	16	10	11	13	11	16	16	14	20	11	17	11	23
149610	M458	13	24	16	10	11	13	11	16	17	14	20	11	16	11	23
436721	M458	13	25	16	10	12	13	11	16	16	14	20	11	17	11	23
457647	M458	13	25	16	10	11	13	11	16	15	14	20	11	17	11	23
208920	M458	13	25	16	10	11	13	11	16	16	14	20	11	17	11	23
N27644	M458	13	25	16	11	11	13	11	16	16	14	20	11	17	11	23
B3901	M458	13	24	16	10	11	13	11	17	16	14	20	11	17	11	23
162487	M458	13	25	15	11	12	13	11	16	16	14	19	11	17	11	23
496261	M458	13	25	16	10	11	13	12	16	16	14	20	11	16	11	23
249566	M458	13	25	17	10	11	13	11	16	16	14	20	11	17	11	23
634321	M458	13	25	15	10	11	13	11	16	16	14	20	11	17	11	23
764289	M458	13	25	16	10	11	14	11	16	16	14	20	11	17	11	23
13191	M458	13	25	15	10	11	13	11	16	16	14	20	11	16	11	23
260304	M458	13	25	16	10	12	13	11	16	16	14	21	11	17	11	23
266601	M458	13	25	16	10	11	14	11	18	16	14	20	11	16	11	23
222307	M458	13	24	16	10	12	13	11	16	16	14	20	11	17	11	23
193615	M458	13	26	16	10	11	13	11	17	16	14	20	11	17	11	23
362897	M458	13	25	15	10	11	13	11	16	16	14	20	11	15	11	23
159478	M458	13	25	16	10	11	13	11	16	16	14	20	11	17	11	23
357338	M458	13	25	17	10	10	13	11	16	16	14	20	11	17	11	23
259551	M458	13	26	16	10	11	13	11	16	16	14	20	11	17	11	23
N208244	M458	13	26	16	10	11	13	11	16	16	14	20	11	18	11	23
210326	M458	13	25	16	10	10	13	11	16	16	14	21	11	18	11	23
297811	M458	13	25	16	10	11	13	11	16	16	14	20	11	17	11	23
327516	M458	13	25	16	10	11	14	11	16	16	14	20	11	17	11	23
524409	M458	13	25	16	10	12	13	11	16	17	14	20	12	17	11	23
626025	M458	13	25	16	11	11	13	11	16	16	14	20	11	18	12	23
229582	M458	13	25	16	11	11	13	11	16	17	14	20	11	17	11	23
189817	M458	13	25	15	10	11	15	11	16	16	14	20	10	17	11	23
294252	M458	13	25	16	10	11	13	11	16	17	14	20	11	17	11	23
388023	M458	13	25	15	10	12	13	11	16	16	14	20	11	17	11	23
465554	M458	13	25	15	10	12	13	11	16	16	14	20	11	17	11	23
184209	M458	13	25	16	10	11	13	11	16	17	14	20	11	15	11	24
93511	M458	13	25	16	10	11	13	11	16	15	14	20	11	17	11	23
332955	M458	13	25	16	10	11	13	11	16	16	14	20	11	16	11	23
371925	M458	13	25	15	10	11	13	11	16	16	14	20	13	17	11	23
323325	M458	13	25	16	10	11	13	11	16	16	14	20	12	17	11	23
N102460	M458	13	25	16	10	11	13	11	17	16	14	20	11	17	11	23
191519	M458	13	26	16	10	11	13	11	16	16	14	20	11	15	11	23
E14543	M458	13	26	16	10	11	13	11	16	17	14	20	11	17	11	23
B1842	M458	13	26	16	10	11	13	11	16	16	14	20	11	17	11	23
259051	M458	13	26	16	10	11	13	11	16	16	14	20	11	18	11	23
156799	M458	13	26	16	10	11	14	11	16	17	14	20	11	17	11	23
169127	M458	13	25	16	10	11	13	11	16	16	14	20	11	18	11	23
1833	M458	13	25	17	10	11	13	11	16	16	14	20	11	17	11	23
B8010	M458	13	26	15	10	11	13	11	16	16	14	20	11	17	11	23
104772	M458	13	26	15	10	11	13	11	16	17	14	20	11	17	11	23
410500	M458	13	26	16	10	11	13	11	16	16	14	20	11	17	11	23
220404	M458	13	26	16	10	12	13	11	16	17	14	20	11	17	11	24
211172	M458	13	24	15	10	11	11	11	15	16	14	20	11	17	11	23
B2778	M458	13	25	16	10	11	12	11	16	16	14	20	11	17	11	23
285080	M458	13	24	16	10	11	13	11	16	16	14	20	11	17	11	23
271804	M458	13	24	16	10	11	13	11	16	16	14	20	11	17	11	23
141103	M458	13	24	16	10	11	13	11	16	16	14	20	11	17	11	23
N56532	M458	13	25	15	10	11	13	11	16	16	14	20	11	17	11	24
179756	M458	13	25	15	10	11	13	11	16	16	14	20	11	16	11	23
119985	M458	13	25	16	10	11	13	11	16	16	14	20	10	15	11	23
51291	M458	13	25	16	10	11	13	11	16	16	14	20	11	17	11	23
252641	M458	13	25	16	10	11	13	11	16	16	14	20	11	17	11	23
341144	M458	13	25	16	10	11	13	11	16	16	14	20	11	16	11	23
258906	M458	13	25	16	10	11	13	11	16	16	14	20	11	17	11	23
711313	M458	13	25	16	10	11	13	11	16	16	14	20	11	17	11	23
N81440	M458	13	25	16	10	11	13	11	16	16	14	20	11	16	11	23
742273	M458	13	25	16	10	11	13	11	16	17	14	20	11	17	11	23
320390	M458	13	25	16	10	12	13	11	16	16	14	19	11	17	11	23
348967	M458	13	25	16	10	12	13	11	16	17	14	20	10	16	11	23
N64303	M458	13	25	16	10	11	13	11	16	16	14	20	10	17	11	23
656827	M458	13	26	16	10	12	13	11	16	17	14	20	11	17	11	24
430435	M458	13	26	16	10	11	13	11	16	16	14	20	11	17	11	23
119733	M458	13	25	16	10	12	13	11	17	17	14	20	11	17	11	23
272073	M458	13	24	16	10	12	13	11	17	18	14	20	11	18	11	23
N89726	M458	13	25	16	10	12	13	11	17	16	14	20	12	17	11	23
460965	M458	13	25	16	10	11	13	11	17	16	14	20	11	17	11	23
43630	M458	13	25	16	10	13	13	11	16	16	14	20	11	17	11	23
221445	M458	13	26	15	10	11	13	11	16	16	14	20	11	17	11	23
185654	M458	13	25	16	10	11	13	11	16	16	14	20	11	17	11	23
223458	M458	13	25	16	10	11	13	11	16	16	14	20	11	17	11	24
E10748	M458	13	25	16	10	11	13	11	16	16	14	20	11	17	11	23
N45578	M458	13	25	16	10	11	13	11	16	17	14	20	11	17	11	23
N22469	M458	13	25	15	10	11	13	11	16	16	14	20	10	17	11	23
602718	M458	13	25	16	10	11	13	11	16	18	15	20	11	17	11	23
242926	M458	13	25	15	10	12	13	11	17	16	14	20	11	17	11	23
207987	M458	13	25	16	10	11	13	11	16	16	14	20	11	17	11	23
365416	M458	13	24	16	10	11	13	11	16	16	14	20	11	17	11	23
435085	M458	13	25	15	10	12	13	11	17	18	14	20	11	17	11	23
18000	M458	13	25	16	10	11	13	11	16	16	14	20	11	16	11	23
B196005	M458	13	25	16	10	11	13	11	16	16	14	20	11	17	11	23
764644	M458	13	25	16	10	11	13	11	16	16	14	20	11	17	11	23
85347	M458	13	25	16	10	11	13	11	16	17	14	20	11	17	11	23
593762	M458	13	25	16	10	11	13	11	17	15	14	20	11	16	11	23
110301	M458	13	25	16	10	11	13	11	18	16	14	20	11	15	11	23
N115855	M458	13	25	16	10	12	13	11	16	16	14	20	11	18	11	23
265716	M458	13	25	16	10	11	13	11	17	16	14	20	11	17	11	23
463007	M458	13	25	16	10	11	14	11	16	16	14	20	11	17	11	24
333675	M458	13	25	17	10	12	13	11	16	16	14	20	10	16	11	23
B6749	M458	13	25	16	10	11	13	11	16	16	14	20	10	17	11	23
B3522	M458	13	25	16	10	11	13	11	16	16	14	20	11	17	11	23
B3873	M458	13	25	16	10	11	13	11	16	16	14	20	9	16	11	23
99647	M458	13	24	16	10	12	13	10	17	16	14	20	11	16	11	23
116518	M458	13	26	16	10	12	13	11	17	16	14	20	11	16	11	23
223763	M458	13	24	17	10	11	13	11	17	14	14	20	10	15	11	23
350686	M458	13	25	17	10	11	12	11	17	15	14	20	10	16	11	23
352723	M458	13	25	17	10	11	13	11	17	16	14	20	11	16	11	23
348785	M458	13	25	17	10	11	13	11	17	17	14	20	11	15	11	23
501398	M458	13	26	17	10	11	13	11	17	16	15	20	11	16	11	23
485602	M458	13	25	17	10	11	13	11	17	16	15	20	11	16	11	23
531086	M458	13	25	17	10	11	13	11	17	16	15	20	11	16	11	23
697243	M458	13	25	17	10	11	13	11	17	16	15	20	11	16	11	23
N14380	M458	13	25	17	10	11	13	11	17	16	14	20	10	16	11	23
N115549	M458	13	25	17	10	12	13	11	17	16	14	20	10	16	11	23
12044	M458	13	25	16	10	11	13	11	18	16	14	20	10	16	11	23
485684	M458	13	25	17	10	12	13	11	17	16	14	19	11	16	11	23
B11203	M458	13	25	17	10	11	13	11	17	17	14	20	12	16	11	23
348147	M458	13	25	16	10	10	13	11	17	18	14	20	11	16	11	23
221367	M458	13	25	17	10	10	13	11	17	18	14	20	11	16	11	24
46336	M458	13	25	17	10	10	13	11	17	17	14	20	11	16	11	23
293642	M458	13	25	17	10	12	13	11	17	17	14	20	10	16	11	23
729934	M458	13	25	17	10	10	14	11	17	17	14	20	11	16	11	23
714429	M458	13	25	17	11	10	13	11	17	17	14	20	11	16	11	23
366687	M458	13	26	16	10	11	13	11	18	17	14	20	10	15	11	23
283747	M458	13	26	16	10	10	13	11	17	17	14	21	11	15	11	23
329354	M458	13	26	16	10	10	13	11	17	17	14	21	11	15	11	23
372176	M458	13	26	16	10	10	13	11	17	17	14	21	11	15	11	23
329355	M458	13	26	17	10	10	13	11	17	17	14	21	11	15	11	23
170326	M458	13	25	17	10	10	13	11	18	17	14	20	11	16	11	23
186949	M458	13	26	16	10	10	13	11	17	16	14	20	11	15	11	23
329542	M458	13	25	17	10	10	13	11	17	17	14	20	12	15	11	23
N77026	M458	13	25	16	10	10	13	11	17	17	14	21	11	16	11	23
N25795	M458	13	25	16	10	10	13	11	17	17	14	21	12	16	11	23
228012	M458	13	26	16	10	10	13	11	18	17	14	20	12	16	11	23
412391	M458	13	25	16	10	11	13	11	17	16	14	20	11	16	11	23
364706	M458	13	25	16	11	10	13	11	17	17	14	20	11	15	11	23
267115	M458	13	25	17	10	10	13	11	17	16	14	20	11	16	11	23
192843	M458	13	27	17	10	10	14	11	16	17	14	20	11	16	11	23
368775	M458	13	25	17	10	10	13	11	17	16	14	20	11	16	11	23
155277	M458	13	24	16	10	10	14	11	17	16	14	20	11	15	11	23
N1840	M458	13	25	17	10	11	14	11	17	16	14	20	11	16	11	23
4623	M458	13	25	17	10	10	13	11	17	16	14	20	11	15	11	23
301399	M458	13	25	15	10	10	13	11	17	16	14	20	11	15	11	23
346450	M458	13	25	15	10	10	13	11	17	16	14	20	11	15	11	23
188095	M458	13	25	15	10	10	13	11	17	16	14	20	10	15	11	23
330192	M458	13	25	15	10	10	13	11	17	16	14	20	11	16	11	23
132305	M458	13	25	17	10	10	14	11	17	16	14	20	11	17	11	23
229925	M458	13	25	17	10	10	13	11	17	16	14	20	11	15	11	23
227637	M458	13	25	16	10	10	13	11	17	16	14	20	10	16	11	23
346940	M458	13	25	17	10	10	13	11	17	16	14	20	11	16	11	23
270528	M458	13	25	17	10	10	13	11	17	16	14	20	11	16	11	23
274768	M458	13	25	17	10	10	14	11	18	16	14	19	11	15	11	23
275211	M458	13	25	17	10	11	13	11	17	16	14	20	11	16	11	23
271438	M458	13	25	16	10	10	13	11	17	16	14	20	11	16	11	24
31257	M458	13	25	17	10	10	13	11	17	16	14	20	11	16	11	23
182124	M458	13	25	17	10	11	13	11	18	16	14	20	11	17	11	23
367565	M458	13	25	17	10	10	13	11	18	16	14	20	11	16	11	23
524612	M458	13	24	17	10	10	14	11	17	15	14	20	11	15	11	23
350668	M458	13	25	16	10	11	13	11	17	17	14	20	12	17	11	23
118487	M458	13	25	17	10	10	13	11	18	16	14	20	11	16	11	23
154913	M458	13	25	17	10	10	13	11	18	16	14	20	11	16	11	23
179688	M458	13	25	17	11	10	13	11	17	16	14	20	10	15	11	23
684473	M458	13	25	17	10	10	13	11	17	16	14	19	11	17	11	23
733254	M458	13	25	17	10	10	13	11	17	16	14	20	11	16	11	23
646014	M458	13	25	17	10	10	13	11	17	16	14	20	11	16	11	23
518747	M458	13	25	17	10	10	13	11	17	16	14	20	11	16	11	23
267699	M458	13	25	17	10	10	13	11	17	16	14	20	11	16	11	23
136364	M458	13	26	17	10	10	13	11	17	17	14	20	11	16	11	23
343393	M458	13	25	15	10	10	13	11	18	18	14	20	11	16	11	23
330498	M458	13	25	16	10	10	13	11	17	19	14	20	11	15	11	23
E13418	M458	13	25	17	10	10	13	11	17	16	14	20	11	15	11	23
358813	M458	13	25	18	10	10	13	11	17	16	14	21	11	15	11	23
221167	M458	13	25	17	10	10	13	11	17	16	14	20	11	16	11	23
252338	M458	13	25	17	10	10	12	11	18	16	14	20	11	16	11	23
309759	M458	13	25	16	10	10	13	12	17	17	14	20	11	15	11	23
417689	M458	13	24	17	10	10	14	11	17	18	14	20	12	16	11	23
115789	M458	13	25	16	10	10	13	11	16	16	14	20	11	16	11	23
342796	M458	13	25	16	10	10	13	11	17	16	14	20	11	16	11	23
227065	M458	13	25	16	10	10	13	11	17	17	14	20	11	16	12	23
225327	M458	13	25	16	10	10	13	11	17	17	14	20	11	16	11	23
220070	M458	13	25	16	10	10	14	11	16	16	14	20	11	18	11	23
418630	M458	13	25	16	10	11	14	11	17	17	14	20	11	17	11	23
364550	M458	13	25	16	11	10	13	11	19	17	14	20	11	15	11	23
N18946	M458	13	25	17	10	10	13	11	17	17	14	20	11	15	11	23
746543	M458	13	25	17	10	10	13	11	17	17	14	20	11	17	11	23
B2438	M458	13	25	17	10	10	13	11	18	16	14	20	11	16	11	24
85265	M458	13	25	17	10	10	13	11	18	17	14	20	11	16	11	23
349553	M458	13	25	17	10	10	14	11	17	17	15	20	11	16	10	23
232418	M458	13	25	17	10	10	14	11	17	17	14	20	11	16	11	23
H1218	M458	13	25	17	10	10	14	11	18	16	14	20	11	16	11	23
627031	M458	13	25	17	10	11	13	11	17	17	14	20	11	16	11	23
B1185	M458	13	25	17	10	10	13	11	17	16	14	20	11	16	11	23
562676	M458	13	25	17	10	10	12	11	17	17	14	19	11	16	11	23
329549	M458	13	25	17	10	10	13	11	17	17	14	20	12	16	11	23
152680	M458	14	25	17	10	11	13	11	16	16	14	20	10	16	11	23
E17639	M458	14	25	16	10	11	13	11	16	17	14	20	11	18	11	23
B1191	M458	14	24	16	10	11	13	11	16	16	14	20	11	16	11	23
770230	M458	14	25	17	10	10	13	11	17	17	14	20	11	16	11	23
181775	M458	15	24	17	10	10	13	11	17	16	14	20	11	15	11	23
216055	Z280	12	26	16	11	10	13	11	17	17	14	20	12	16	11	23
335716	Z280	13	25	15	11	10	14	11	16	15	14	20	12	15	11	23
8203	Z280	13	25	15	11	10	13	11	17	15	14	19	11	15	11	23
251386	Z280	13	25	16	11	10	13	11	17	16	14	19	11	15	11	23
262061	Z280	13	25	15	11	10	12	11	17	15	14	21	12	16	11	23
283782	Z280	13	25	15	11	10	13	11	16	16	14	21	12	16	11	23
B3323	Z280	13	24	16	10	10	14	12	18	15	14	20	11	15	11	23
N58300	Z280	13	24	16	11	10	13	12	18	15	14	20	10	15	11	23
118439	Z280	13	24	16	10	10	14	12	17	15	14	20	11	15	11	23
119558	Z280	13	24	17	10	10	14	12	17	15	14	20	11	15	11	23
153611	Z280	13	24	16	10	10	14	12	17	15	14	20	11	15	11	23
B1494	Z280	13	24	16	10	10	14	12	17	15	14	20	11	15	11	23
303634	Z280	13	25	15	11	10	12	11	17	13	14	20	11	14	11	23
213386	Z280	13	26	16	10	10	12	11	17	13	14	20	11	16	11	23
154059	Z280	13	26	16	11	10	13	11	17	15	14	20	12	15	11	23
257732	Z280	13	25	16	10	11	13	11	18	15	14	20	11	14	11	23
N6911	Z280	13	25	16	10	11	13	11	18	15	14	20	11	14	11	23
338836	Z280	13	25	16	10	11	13	11	19	15	14	20	11	14	11	23
147397	Z280	13	25	16	10	11	13	11	17	15	14	20	11	14	11	23
288101	Z280	13	25	16	10	11	13	11	18	15	14	20	11	14	11	23
59585	Z280	13	25	16	10	11	13	11	18	15	14	20	11	14	11	23
357695	Z280	13	25	16	10	11	13	11	19	15	14	20	11	14	11	23
119216	Z280	13	24	16	11	10	13	11	17	15	14	20	12	17	11	23
142452	Z280	13	24	17	10	10	13	11	17	15	14	20	11	16	11	23
N38097	Z280	13	23	15	10	10	13	11	17	15	14	20	12	17	11	24
N74750	Z280	13	25	16	11	11	13	12	17	16	14	20	12	17	11	23
210460	Z280	13	25	16	11	11	13	11	17	16	14	20	12	17	11	23
310866	Z280	13	25	15	11	10	14	11	17	15	14	20	11	16	11	23
262771	Z280	13	26	15	11	10	14	11	18	15	14	20	11	14	11	23
128378	Z280	13	26	15	11	10	14	11	17	15	14	20	11	16	11	23
132531	Z280	13	24	16	11	10	13	11	17	15	14	20	11	16	11	23
270033	Z280	13	24	16	11	10	13	11	17	15	14	20	11	16	11	23
164489	Z280	13	23	15	11	10	13	11	17	15	14	20	12	16	11	23
184035	Z280	13	24	15	11	10	13	11	16	15	14	20	13	16	11	23
211899	Z280	13	24	15	11	11	13	11	17	15	14	20	13	16	11	23
N12214	Z280	13	24	15	11	11	13	11	18	15	14	20	13	16	11	23
144438	Z280	13	25	16	10	10	12	11	16	15	14	20	10	15	11	23
329713	Z280	13	25	16	10	10	12	11	16	15	14	20	10	15	11	23
294254	Z280	13	24	17	11	10	14	11	16	16	14	20	10	16	11	23
270787	Z280	13	25	16	11	10	13	11	16	15	14	20	10	17	11	23
499513	Z280	13	25	15	11	10	13	11	17	15	14	20	12	15	11	24
183681	Z280	13	24	17	11	10	14	11	16	14	14	20	12	17	10	23
421841	Z280	13	25	16	10	10	13	11	17	15	14	20	12	16	12	23
299981	Z280	13	25	16	11	10	13	11	17	15	14	20	12	16	12	23
N13520	Z280	13	25	16	11	10	13	11	17	15	14	20	12	16	12	23
353681	Z280	13	25	15	10	10	13	11	17	14	14	20	12	16	11	24
71994	Z280	13	24	15	11	10	13	11	17	14	14	20	12	16	11	24
N70604	Z280	13	24	15	10	10	13	11	16	14	14	20	12	17	11	24
B13774	Z280	13	25	15	11	11	13	11	17	15	14	20	12	17	11	22
199944	Z280	13	25	16	10	12	13	11	17	15	14	20	11	16	11	23
266563	Z280	13	25	16	11	11	13	11	17	15	14	20	12	17	11	23
155785	Z280	13	25	16	11	11	14	11	17	16	14	20	12	16	11	23
46500	Z280	13	25	15	11	11	13	11	17	16	14	20	12	18	11	23
170611	Z280	13	25	15	11	11	13	11	17	16	14	20	12	17	11	23
284992	Z280	13	25	15	11	11	13	11	17	17	14	19	11	18	11	23
N68879	Z280	13	25	15	11	11	13	11	17	16	14	20	11	18	11	23
158625	Z280	13	25	15	11	11	13	11	17	16	14	20	11	17	11	23
513596	Z280	13	24	15	11	11	13	11	17	17	14	20	12	18	11	23
155068	Z280	13	24	15	10	10	13	11	16	15	14	20	11	17	11	23
263026	Z280	13	25	15	10	12	14	11	16	15	14	20	12	18	11	23
383275	Z280	13	25	15	10	11	13	11	16	16	14	20	11	18	11	23
N78279	Z280	13	26	15	10	13	13	11	16	15	14	21	12	18	11	23
B7738	Z280	13	25	15	10	11	14	11	16	15	14	20	12	18	11	23
562677	Z280	13	25	15	10	11	14	11	16	15	14	20	12	18	11	23
562675	Z280	13	26	15	10	11	13	11	16	16	14	20	11	18	11	23
119580	Z280	13	26	15	10	11	13	11	16	15	14	20	12	18	11	23
393985	Z280	13	26	16	10	11	13	11	16	15	14	20	12	18	11	23
70291	Z280	13	25	15	10	11	13	11	16	15	14	20	12	17	11	23
357453	Z280	13	25	15	10	11	13	11	16	15	14	20	11	18	11	23
521730	Z280	13	26	16	10	11	13	11	16	15	14	20	12	18	11	23
173752	Z280	13	25	15	10	11	14	11	16	15	14	20	12	18	11	23
242224	Z280	13	24	15	11	11	13	11	16	15	14	20	12	17	11	24
221387	Z280	13	25	15	10	11	13	11	16	15	14	20	12	18	11	23
358487	Z280	13	25	15	11	11	13	11	16	15	14	20	13	18	11	23
N24335	Z280	13	26	15	10	11	13	11	16	15	14	20	11	18	11	23
156436	Z280	13	26	15	11	11	13	11	16	15	14	20	12	19	11	23
58530	Z280	13	25	16	11	11	13	11	17	15	14	20	11	17	11	23
272683	Z280	13	24	16	11	12	14	11	17	15	14	20	12	17	11	23
333830	Z280	13	25	15	11	11	13	11	17	15	14	20	12	17	11	23
317343	Z280	13	25	16	11	11	13	11	17	15	14	20	12	16	11	24
279653	Z280	13	25	16	11	11	13	11	18	15	14	20	12	16	11	23
359328	Z280	13	25	16	11	11	13	11	18	15	14	20	12	17	11	23
735787	Z280	13	25	16	11	11	13	11	17	16	14	20	12	17	11	23
540822	Z280	13	25	16	10	11	13	11	17	16	14	20	11	17	11	23
331278	Z280	13	25	16	10	11	13	11	17	16	14	20	11	17	11	23
B6861	Z280	13	25	16	10	11	13	11	17	16	14	20	12	17	11	23
B3415	Z280	13	24	16	10	11	13	11	17	15	14	20	12	17	11	23
77875	Z280	13	25	16	10	11	13	11	17	15	14	20	13	17	12	23
E6498	Z280	13	24	16	10	11	13	11	17	17	14	20	11	17	11	23
N49064	Z280	13	25	16	11	11	13	11	17	17	14	20	11	16	11	24
57872	Z280	13	25	16	11	11	13	11	17	17	14	20	11	17	11	23
189990	Z280	13	25	16	11	11	13	11	17	17	14	20	11	16	11	23
169059	Z280	13	25	17	12	11	13	11	17	17	14	20	11	17	11	23
213870	Z280	13	25	15	10	11	13	11	17	17	14	20	10	17	11	23
197855	Z280	13	25	15	10	11	13	11	17	17	14	20	10	17	11	23
225697	Z280	13	25	17	10	12	14	11	17	15	14	20	11	16	11	23
144420	Z280	13	25	15	11	11	13	11	17	16	14	20	12	17	12	23
98340	Z280	13	25	17	11	11	14	11	17	15	14	20	12	15	11	23
316721	Z280	13	25	16	11	11	13	11	17	15	14	20	13	15	11	23
362587	Z280	13	25	16	11	12	13	11	17	15	14	20	13	15	11	23
327834	Z280	13	23	16	10	10	15	11	16	15	14	20	12	16	11	23
247448	Z280	13	25	16	10	10	13	11	17	15	14	20	11	17	11	23
320105	Z280	13	25	15	10	10	14	11	17	16	14	20	10	17	11	24
266308	Z280	13	24	16	10	10	13	11	17	15	14	20	11	17	12	23
148350	Z280	13	25	16	10	10	13	11	17	15	14	20	12	18	12	23
181827	Z280	13	25	16	10	11	13	11	17	15	14	20	11	17	12	23
N112810	Z280	13	24	16	10	10	13	11	17	15	14	20	12	17	11	23
87919	Z280	13	25	17	10	10	13	11	16	15	14	20	11	17	11	23
370784	Z280	13	24	15	10	10	13	11	16	15	14	20	11	15	11	23
330000	Z280	13	25	16	10	10	13	11	17	15	14	20	11	17	11	23
123962	Z280	13	25	16	11	10	13	11	17	16	14	20	11	18	11	23
N78724	Z280	13	25	17	10	10	13	11	17	17	14	20	11	17	11	23
98957	Z280	13	25	16	10	10	13	11	17	15	14	20	11	17	11	23
N14318	Z280	13	24	15	10	10	13	10	17	16	14	20	11	17	11	24
N84261	Z280	13	24	15	10	10	13	11	17	15	14	20	10	17	11	23
230314	Z280	13	25	15	10	10	13	11	18	15	14	20	11	17	11	23
644559	Z280	13	25	15	11	11	13	11	-13	15	14	20	12	17	11	23
N112858	Z280	13	25	15	10	10	13	11	18	15	14	20	10	17	11	24
527776	Z280	13	23	16	10	10	13	11	17	15	14	20	11	17	11	23
157499	Z280	13	25	15	10	10	13	11	17	15	14	20	11	17	11	23
N105504	Z280	13	25	16	10	10	13	11	17	14	14	20	11	17	11	23
415467	Z280	13	25	16	10	10	13	11	17	16	14	20	11	17	11	23
329032	Z280	13	25	16	10	10	13	11	17	16	14	20	11	17	11	23
N11241	Z280	13	25	16	10	10	13	11	16	15	14	20	11	17	11	23
454742	Z280	13	25	16	10	10	13	11	17	15	14	20	11	17	11	23
E2159	Z280	13	25	16	10	10	13	11	17	15	14	20	11	17	11	23
275076	Z280	13	25	17	10	10	14	11	17	14	14	20	10	17	11	23
215906	Z280	13	25	16	10	10	13	11	17	15	14	20	11	18	11	23
318657	Z280	13	24	16	10	10	13	11	18	15	14	20	11	17	11	23
351862	Z280	13	25	16	10	10	13	11	17	16	14	20	11	17	11	23
251521	Z280	13	25	16	10	10	13	11	17	15	14	20	11	17	11	23
N100889	Z280	13	25	15	10	10	13	11	17	15	14	20	11	18	11	23
321956	Z280	13	25	15	10	12	13	11	17	15	14	20	11	17	11	23
222513	Z280	13	25	16	10	10	13	11	17	15	14	20	11	18	11	23
206668	Z280	13	25	16	10	10	13	11	17	15	14	19	11	16	11	23
E11426	Z280	13	26	15	10	10	13	11	16	15	14	20	12	16	11	23
H1727	Z280	13	25	16	10	10	13	11	17	15	14	20	11	17	11	23
322603	Z280	13	26	16	10	10	14	11	16	15	14	20	12	16	11	23
177693	Z280	13	25	16	10	11	13	11	17	15	14	20	11	15	11	23
N111143	Z280	13	25	16	11	11	13	11	17	15	14	19	11	15	11	23
N31577	Z280	13	25	16	11	10	13	11	17	15	14	20	11	16	11	23
429409	Z280	13	25	15	11	10	13	11	17	16	14	21	11	15	11	23
755571	Z280	13	24	16	11	11	13	11	17	15	14	20	11	16	11	23
257566	Z280	13	25	16	11	10	13	11	17	15	14	20	11	16	11	23
E10170	Z280	13	25	16	11	11	14	11	17	15	14	20	11	16	11	23
247183	Z280	13	25	15	11	10	13	12	19	15	14	20	11	16	11	23
297792	Z280	13	25	16	10	10	13	11	17	15	14	20	11	16	11	23
327390	Z280	13	25	16	11	10	13	11	17	16	14	20	11	16	11	23
143121	Z280	13	25	16	11	10	13	11	16	15	14	20	11	15	11	23
207062	Z280	13	25	16	11	10	13	11	17	16	14	20	11	15	11	23
B119694	Z280	13	25	16	11	11	13	11	17	14	14	20	11	15	11	23
211024	Z280	13	25	17	10	10	13	11	17	16	14	20	11	16	11	23
175710	Z280	13	25	15	11	10	13	11	17	15	14	20	11	16	11	23
598043	Z280	13	25	16	11	10	13	11	18	12	14	20	11	15	11	24
312458	Z280	13	25	16	11	10	13	11	17	15	14	20	10	17	11	24
E1979	Z280	13	25	16	11	10	13	11	17	15	14	20	10	15	11	25
N115400	Z280	13	26	16	11	10	12	11	17	15	14	20	11	16	11	23
458112	Z280	13	25	15	11	10	12	11	17	15	14	20	11	16	11	23
202194	Z280	13	25	16	11	11	13	11	17	17	14	20	11	16	11	23
219846	Z280	13	25	16	10	10	13	11	16	15	14	20	11	15	11	23
225593	Z280	13	25	16	11	10	13	11	16	15	14	20	10	16	11	23
220622	Z280	13	25	16	11	10	13	11	17	15	14	20	11	16	11	23
230222	Z280	13	25	17	11	10	13	11	17	16	14	20	11	16	11	23
206758	Z280	13	26	16	11	10	13	11	17	15	14	20	11	16	11	23
249066	Z280	13	25	15	11	10	13	11	17	14	14	20	11	16	11	23
297289	Z280	13	25	15	11	10	13	11	17	15	14	20	11	16	11	23
N113225	Z280	13	25	16	11	10	13	11	17	15	14	20	11	16	11	23
315440	Z280	13	25	16	10	11	13	11	18	15	14	20	11	16	11	23
322828	Z280	13	25	16	11	10	13	11	17	15	14	20	11	16	11	23
372480	Z280	13	25	16	11	10	14	11	18	16	14	20	11	16	11	23
547612	Z280	13	25	15	11	10	13	11	16	15	14	20	11	16	11	23
311040	Z280	13	25	16	11	10	13	11	17	15	14	20	11	16	11	23
524400	Z280	13	25	16	11	10	13	11	17	15	14	20	11	16	11	23
749359	Z280	13	25	16	11	11	13	11	17	15	14	20	11	16	11	23
721381	Z280	13	25	16	11	10	14	11	17	14	14	20	11	16	11	23
359832	Z280	13	25	16	11	10	14	11	17	16	14	20	11	16	11	23
N64337	Z280	13	25	16	11	10	14	11	17	15	14	20	10	16	11	23
357390	Z280	13	25	16	11	10	14	11	17	15	14	20	10	16	11	23
297896	Z280	13	24	15	11	10	14	11	17	15	14	20	11	16	11	23
107819	Z280	13	24	16	11	10	14	11	17	13	14	20	11	16	11	23
239261	Z280	13	24	16	11	10	14	11	17	15	14	20	11	19	11	23
N109398	Z280	13	25	16	11	10	14	11	16	14	14	21	11	16	11	23
372422	Z280	13	25	16	11	10	14	11	17	14	14	20	11	16	11	23
538440	Z280	13	25	16	11	10	14	11	17	15	14	20	11	17	12	23
B1548	Z280	13	25	16	11	10	14	11	17	15	14	20	11	18	11	23
186229	Z280	13	25	16	11	11	14	11	17	18	14	20	11	17	11	23
173508	Z280	13	25	16	11	10	14	11	17	15	14	20	11	16	11	23
229743	Z280	13	25	15	11	10	14	11	17	15	14	20	11	16	11	23
532648	Z280	13	25	16	11	10	14	11	17	15	14	20	10	16	11	23
199037	Z280	13	25	16	11	10	14	11	17	15	14	20	10	16	11	23
222891	Z280	13	25	16	11	10	14	11	17	15	14	20	11	15	11	23
N3969	Z280	13	25	16	11	10	14	11	17	15	14	20	11	17	11	23
155802	Z280	13	25	16	11	10	14	11	17	15	14	20	11	17	11	23
N86413	Z280	13	25	15	11	10	14	11	17	15	14	20	11	17	11	23
N54959	Z280	13	25	16	11	10	14	11	17	16	14	20	11	16	11	23
355197	Z280	13	25	16	11	10	14	11	17	15	14	20	11	17	11	23
131361	Z280	13	26	16	11	10	15	11	16	14	14	20	11	17	11	23
N78924	Z280	13	25	16	11	10	14	11	17	15	14	20	11	16	11	23
255273	Z280	13	25	16	9	10	14	11	17	15	14	20	11	17	11	23
374793	Z280	13	25	16	11	10	14	11	18	15	14	20	11	16	11	23
191700	Z280	13	24	16	11	10	14	11	17	15	14	20	11	16	11	23
148223	Z280	13	25	16	11	11	14	11	17	15	14	20	11	16	11	23
H1173	Z280	13	24	16	11	10	14	11	16	15	14	20	11	17	11	23
B225822	Z280	13	25	16	11	10	13	11	16	15	14	20	11	15	11	23
238574	Z280	13	25	15	11	10	13	11	17	15	14	20	10	15	11	23
224432	Z280	13	25	16	12	10	13	11	17	15	14	20	10	15	11	23
155259	Z280	13	25	15	11	10	13	11	17	14	14	19	11	16	11	23
472021	Z280	13	25	15	11	10	13	11	18	15	14	20	11	15	11	23
N113660	Z280	13	25	16	11	10	13	11	17	16	14	20	11	17	11	24
229583	Z280	13	25	16	11	10	13	11	16	16	14	20	11	16	11	23
690320	Z280	13	25	16	10	10	13	11	17	15	14	20	11	15	11	23
277824	Z280	13	25	16	10	10	13	11	17	16	14	20	11	15	11	23
306793	Z280	13	25	16	10	10	14	11	18	15	14	21	12	16	11	23
N70370	Z280	13	25	16	10	10	13	11	17	15	14	20	11	16	11	23
53122	Z280	13	25	16	10	10	13	11	18	15	14	20	11	17	11	23
192604	Z280	13	25	16	11	10	13	11	17	15	14	20	11	16	11	23
150629	Z280	13	25	16	11	11	13	11	16	15	14	20	10	16	11	23
236632	Z280	13	25	16	11	11	13	11	17	15	14	20	11	17	11	23
245346	Z280	13	25	16	11	11	13	11	18	16	14	20	12	17	11	23
N142225	Z280	13	25	16	11	11	13	11	17	15	14	20	11	16	11	23
290441	Z280	13	25	16	12	10	13	11	17	16	14	20	11	15	11	23
B112672	Z280	13	25	17	10	12	13	11	18	15	14	20	12	16	11	23
267061	Z280	13	25	17	11	11	13	11	17	15	14	20	13	16	11	23
105402	Z280	13	25	17	11	11	13	11	17	15	14	20	11	16	11	23
B1578	Z280	13	25	17	10	11	14	11	17	15	14	20	12	16	11	24
444953	Z280	13	25	17	11	11	12	11	17	15	14	19	12	16	11	23
B1171	Z280	13	26	17	10	11	13	11	18	15	14	20	11	16	11	24
78351	Z280	13	25	17	11	11	13	11	17	16	14	20	12	16	11	23
223715	Z280	13	24	17	11	11	13	11	17	15	14	20	12	17	11	23
98337	Z280	13	24	17	11	11	14	11	17	15	14	20	12	17	11	23
221125	Z280	13	25	17	11	11	13	11	17	14	14	20	12	16	11	23
164877	Z280	13	25	17	10	11	13	11	17	15	14	20	12	15	11	23
123156	Z280	13	25	17	11	11	12	11	17	15	14	20	10	16	11	23
113652	Z280	13	26	17	11	11	13	11	17	15	14	20	12	15	11	23
E4464	Z280	13	26	17	11	11	13	11	17	15	14	20	12	16	11	24
198727	Z280	13	26	17	11	11	13	11	17	15	14	20	11	15	11	23
65336	Z280	13	26	17	10	11	13	11	17	16	14	20	12	15	11	23
313574	Z280	13	26	17	11	11	13	11	17	15	14	20	11	16	11	23
265495	Z280	13	25	17	11	11	13	11	17	15	14	20	12	16	11	23
160427	Z280	13	26	17	11	11	13	11	17	15	14	20	12	16	11	23
464438	Z280	13	24	17	11	11	13	11	17	16	14	20	11	15	11	23
42344	Z280	13	25	17	10	11	13	11	18	15	14	20	11	16	11	23
N100213	Z280	13	25	16	11	12	13	11	18	15	14	20	12	16	11	23
330940	Z280	13	25	17	11	11	13	11	16	15	14	20	12	16	11	23
U2854	Z280	13	25	18	11	11	13	11	17	15	14	20	12	16	11	23
341864	Z280	13	24	17	11	11	13	11	17	15	14	21	11	15	11	23
194671	Z280	13	25	17	10	11	13	11	17	15	14	21	11	16	11	23
B2940	Z280	13	25	17	11	10	13	11	18	16	14	21	11	15	11	23
374092	Z280	13	24	16	11	11	13	11	17	15	14	21	11	16	11	24
341865	Z280	13	25	16	11	11	13	11	17	15	14	21	11	15	11	23
449577	Z280	13	25	16	11	12	13	11	17	15	14	21	11	16	11	23
309331	Z280	13	25	16	12	11	13	11	17	15	14	21	11	16	11	23
371504	Z280	13	25	17	11	11	13	11	16	15	14	21	11	16	11	23
292247	Z280	13	25	17	11	11	13	11	16	15	14	21	11	16	11	23
276240	Z280	13	25	17	11	11	13	11	16	15	14	21	11	16	11	23
263173	Z280	13	25	17	11	11	13	11	17	15	14	20	11	16	11	23
312988	Z280	13	25	17	11	11	13	11	17	15	14	20	11	16	11	23
289281	Z280	13	25	17	11	11	13	11	17	15	14	21	11	16	11	23
E14821	Z280	13	25	17	11	11	13	11	17	15	14	21	11	16	11	23
E15896	Z280	13	25	17	11	11	13	11	17	15	14	21	11	16	11	23
311906	Z280	13	25	17	11	11	13	11	17	15	14	21	11	16	11	23
324172	Z280	13	25	17	11	11	13	11	17	15	14	21	11	16	11	23
E16535	Z280	13	25	17	11	11	13	11	17	15	14	21	11	16	11	23
356180	Z280	13	25	17	11	11	13	11	17	15	14	21	11	16	11	23
262506	Z280	13	25	17	11	11	13	11	17	15	14	21	11	16	11	23
294488	Z280	13	25	17	11	11	13	11	17	15	14	21	11	16	11	23
332043	Z280	13	25	17	11	11	13	11	17	15	14	21	11	15	11	23
399023	Z280	13	25	17	11	11	13	11	17	15	14	21	11	15	11	23
374077	Z280	13	25	17	11	11	13	11	17	15	14	21	11	16	11	23
327196	Z280	13	25	17	11	11	13	11	17	15	14	21	11	16	11	23
281075	Z280	13	25	17	11	11	13	11	17	15	14	21	11	16	11	23
374091	Z280	13	25	17	11	11	13	11	17	15	14	21	10	16	11	24
302248	Z280	13	25	17	11	11	13	11	17	15	14	21	10	16	11	24
374076	Z280	13	25	17	11	11	13	11	17	15	14	21	11	15	11	24
320106	Z280	13	25	17	11	11	13	11	17	16	14	21	11	16	11	23
442470	Z280	13	25	17	11	11	13	11	17	16	14	21	11	16	11	23
287378	Z280	13	25	17	11	11	13	11	17	16	14	21	11	16	11	23
285560	Z280	13	25	17	11	12	13	11	17	15	14	21	11	16	11	23
406461	Z280	13	25	17	11	11	13	11	17	15	14	21	10	15	11	23
483362	Z280	13	25	17	11	12	13	11	17	15	14	21	11	16	11	23
295426	Z280	13	25	17	11	11	13	11	17	15	14	22	11	16	11	23
284222	Z280	13	25	17	11	11	13	11	17	15	14	22	11	15	11	23
282811	Z280	13	25	17	11	11	13	11	17	15	14	22	11	16	11	23
N101049	Z280	13	25	17	11	11	13	11	17	15	14	20	13	16	11	23
291220	Z280	13	25	17	11	11	13	11	17	15	14	20	11	16	12	23
107230	Z280	13	24	17	11	10	13	11	17	14	14	20	13	15	11	23
218889	Z280	13	24	17	11	10	13	11	17	14	14	20	12	15	11	23
330339	Z280	13	24	17	11	10	13	11	17	14	14	20	12	15	11	23
347325	Z280	13	24	17	11	10	13	11	17	14	14	20	12	15	11	23
334176	Z280	13	25	17	11	10	13	11	17	14	14	20	12	15	11	23
213678	Z280	13	25	17	11	10	13	11	18	14	14	20	12	15	11	23
N52262	Z280	13	25	17	10	10	13	11	17	14	14	20	11	15	11	23
N52259	Z280	13	25	17	10	10	13	11	17	14	14	20	11	15	11	23
70990	Z280	13	25	17	11	10	13	11	18	14	14	20	11	16	11	23
N156262	Z280	13	25	17	10	10	13	11	18	14	14	20	12	16	11	23
280071	Z280	13	25	17	11	10	13	11	18	14	14	20	12	16	11	23
329518	Z280	13	25	17	11	11	14	11	18	14	14	20	12	16	11	23
N53213	Z280	13	25	17	11	10	13	11	18	14	14	20	12	16	11	23
34005	Z280	13	25	17	11	10	13	11	17	12	14	20	12	15	9	23
149764	Z280	13	25	17	11	10	13	11	18	13	14	20	12	16	8	23
196067	Z280	13	25	17	11	10	13	11	18	15	14	20	12	17	11	23
227388	Z280	13	25	15	11	10	13	11	17	14	14	20	12	16	11	23
192605	Z280	13	25	17	11	10	13	11	17	14	14	20	11	17	11	24
B1851	Z280	13	25	17	10	10	13	11	17	14	14	20	12	15	11	23
N16931	Z280	13	25	17	11	10	13	11	18	14	14	20	12	15	11	23
N7115	Z280	13	25	17	11	10	13	11	18	14	14	20	12	15	11	23
196509	Z280	13	25	17	11	10	13	11	18	14	14	20	11	17	11	24
270329	Z280	13	25	17	11	10	14	11	17	14	14	20	12	16	11	23
280015	Z280	13	24	17	11	10	13	11	18	14	14	20	12	16	11	23
N62965	Z280	13	26	17	11	10	13	11	18	14	14	20	12	16	11	23
628576	Z280	13	24	17	11	10	13	11	17	14	14	20	11	16	11	23
256915	Z280	13	25	16	11	10	13	11	18	15	14	20	12	16	11	23
672961	Z280	13	25	17	10	11	13	11	18	14	14	19	11	16	11	24
87895	Z280	13	25	17	11	10	12	11	18	14	14	20	11	16	11	23
E8695	Z280	13	25	17	11	10	13	11	17	14	14	20	12	15	11	24
781781	Z280	13	25	17	11	10	13	11	18	14	14	20	12	15	11	23
429952	Z280	13	25	16	11	10	13	11	17	16	14	20	12	15	11	23
551905	Z280	13	25	16	11	10	13	11	17	15	14	20	12	15	11	23
155492	Z280	13	25	16	11	10	13	11	18	15	14	20	11	16	11	23
114126	Z280	13	25	16	11	10	14	11	17	15	14	20	12	15	11	23
500853	Z280	13	24	16	11	11	13	11	17	15	14	20	12	16	11	23
N151144	Z280	13	25	17	11	10	13	11	17	15	14	20	11	16	11	23
B12538	Z280	13	25	16	10	10	13	11	17	15	14	22	12	17	11	24
IN11277	Z280	13	25	16	10	9	13	11	17	15	14	22	12	16	11	23
152839	Z280	13	26	16	11	9	13	11	17	15	14	22	12	16	11	23
149765	Z280	13	25	16	11	11	13	11	16	15	14	21	13	16	11	23
277821	Z280	13	25	16	10	10	13	11	17	16	14	21	11	15	11	23
337011	Z280	13	24	16	11	11	14	12	16	15	14	22	11	18	11	23
N81558	Z280	13	25	17	11	10	13	11	18	16	14	22	11	17	11	23
N153935	Z280	13	25	17	11	10	14	11	17	15	14	22	12	17	11	23
218693	Z280	13	24	16	11	10	13	11	17	16	14	20	11	16	11	24
E11377	Z280	13	24	16	11	10	13	11	17	16	14	20	11	16	11	24
749514	Z280	13	24	16	11	10	13	11	17	16	14	20	11	16	11	24
226357	Z280	13	25	15	11	10	13	11	18	15	14	20	12	16	11	23
274190	Z280	13	26	16	10	10	13	11	17	15	14	20	11	15	11	23
60048	Z280	13	26	16	10	10	13	11	17	15	14	20	11	15	11	23
291295	Z280	13	25	16	10	10	13	11	17	16	14	20	11	15	11	23
193660	Z280	13	25	15	11	10	13	11	18	15	14	19	12	16	11	25
193745	Z280	13	25	15	11	10	13	11	19	15	14	19	12	16	11	24
N8884	Z280	13	25	17	11	10	13	11	17	17	14	20	11	15	11	24
311318	Z280	13	25	17	11	10	13	11	17	18	14	20	11	15	11	24
281908	Z280	13	25	16	11	9	13	11	17	16	14	20	11	15	11	24
374442	Z280	13	24	16	10	10	13	11	16	17	14	20	11	16	11	24
B1615	Z280	13	25	15	11	10	13	0	17	17	14	20	11	16	12	26
260243	Z280	13	25	15	11	10	13	11	16	17	14	20	11	17	11	24
319431	Z280	13	25	15	11	10	13	11	17	18	14	20	11	16	12	24
271891	Z280	13	25	15	10	10	13	11	17	17	14	20	11	16	12	24
175563	Z280	13	25	15	11	10	13	11	17	17	14	20	11	16	12	24
N38416	Z280	13	27	16	11	10	13	11	16	18	14	20	11	16	12	25
N2335	Z280	13	25	15	11	10	13	11	17	17	14	20	11	16	12	24
E9666	Z280	13	25	15	11	10	13	11	17	18	14	20	11	16	12	24
100135	Z280	13	25	15	11	11	13	11	16	17	14	20	11	16	12	24
233196	Z280	13	25	15	11	11	13	11	18	18	14	20	11	17	12	24
B3789	Z280	13	25	15	11	11	13	11	18	17	14	20	11	16	12	24
221502	Z280	13	25	15	11	11	14	11	17	17	14	20	11	16	12	24
273593	Z280	13	25	15	11	10	13	11	17	18	14	20	11	17	12	24
153077	Z280	13	25	15	11	10	13	11	17	18	14	20	11	16	12	24
369511	Z280	13	25	15	11	10	13	11	17	17	14	20	11	15	11	25
276672	Z280	13	24	15	11	10	13	11	17	17	14	20	11	15	11	25
165792	Z280	13	26	14	11	11	13	11	17	18	14	20	11	16	11	25
246277	Z280	13	25	15	10	10	13	11	18	19	14	20	11	15	11	25
B5909	Z280	13	25	15	11	10	13	11	18	18	14	20	11	16	11	26
656667	Z280	13	25	16	11	10	13	11	17	18	14	20	11	16	11	25
N50210	Z280	13	25	16	11	10	13	11	18	18	14	20	11	16	11	25
23292	Z280	13	24	15	11	11	13	11	17	17	14	20	11	15	11	26
268325	Z280	13	25	14	11	10	13	11	18	17	14	20	10	16	11	25
345666	Z280	13	25	16	10	10	13	11	17	17	14	20	10	16	11	25
253337	Z280	13	24	15	11	10	13	11	18	15	14	20	12	16	11	24
N136416	Z280	13	25	16	11	10	14	11	17	15	14	20	11	16	11	24
85285	Z280	13	26	16	11	10	13	11	16	15	14	20	11	15	11	25
147589	Z280	13	25	16	10	10	13	11	17	15	14	20	11	16	11	24
31286	Z280	13	25	16	11	10	14	11	18	15	14	20	12	16	11	27
297394	Z280	13	25	15	11	10	13	11	17	15	14	20	12	15	11	24
199043	Z280	13	25	17	11	10	13	11	17	15	14	20	12	15	11	25
162897	Z280	13	25	15	10	10	13	11	16	15	14	20	11	15	11	25
145898	Z280	13	25	16	11	11	13	11	16	15	14	21	13	15	11	24
219636	Z280	13	26	16	11	10	13	11	17	16	14	20	11	15	11	24
285630	Z280	13	25	17	11	10	13	11	18	15	14	20	12	15	11	24
255244	Z280	13	25	18	11	10	14	11	18	16	14	20	12	15	11	24
260248	Z280	13	25	15	10	10	13	11	17	15	14	20	12	15	11	24
260036	Z280	13	25	15	10	10	14	11	17	15	14	20	12	16	11	24
226554	Z280	13	25	17	12	10	13	11	18	15	14	20	11	15	11	24
131259	Z280	13	24	16	11	10	12	11	17	15	14	19	11	15	11	24
280357	Z280	13	24	16	11	10	12	11	17	15	14	20	11	15	11	24
323094	Z280	13	25	16	10	10	13	11	18	15	14	20	12	15	11	24
207573	Z280	13	25	16	12	10	13	11	17	15	14	20	12	15	11	24
255830	Z280	13	24	15	11	11	13	11	16	16	14	20	12	15	11	24
154364	Z280	13	25	16	11	10	13	11	17	15	14	20	11	16	11	24
196421	Z280	13	25	16	11	10	13	11	17	15	14	20	12	15	11	24
139847	Z280	13	24	15	11	10	13	11	18	14	14	20	10	16	11	23
90271	Z280	13	25	15	11	10	13	11	17	15	14	20	10	15	11	23
215487	Z280	13	25	16	11	10	13	11	17	15	14	20	11	16	11	23
596751	Z280	13	26	16	11	10	13	11	16	16	14	20	11	16	11	23
252860	Z280	13	25	16	11	11	13	11	17	16	14	20	11	15	11	24
213428	Z280	13	25	16	10	10	13	11	17	17	14	20	12	16	11	23
221288	Z280	13	25	16	11	10	12	11	17	16	14	20	12	16	11	24
220743	Z280	13	26	16	11	10	13	11	17	17	14	20	12	15	11	23
E17538	Z280	13	26	16	11	10	13	11	17	17	14	20	12	17	11	24
276592	Z280	13	25	16	11	10	13	11	17	16	14	20	12	16	11	23
318798	Z280	13	25	16	11	10	13	11	17	16	14	20	12	16	11	23
272724	Z280	13	25	16	12	10	13	11	17	16	14	20	12	16	11	23
357490	Z280	13	25	16	10	10	14	11	17	17	14	20	12	16	11	23
99643	Z280	13	26	16	11	10	13	11	17	17	14	20	12	16	11	23
332238	Z280	13	25	16	11	10	14	11	18	17	14	20	12	16	11	23
297613	Z280	13	25	16	11	10	14	11	18	17	14	20	12	16	11	23
224444	Z280	13	26	15	11	10	13	11	17	16	14	20	12	18	11	24
644867	Z280	13	25	17	11	10	13	11	18	16	14	20	12	16	11	24
265253	Z280	13	25	16	10	10	13	11	17	16	14	20	12	16	11	23
B190521	Z280	13	26	15	10	10	13	11	17	16	14	20	12	16	11	23
236631	Z280	13	26	16	10	10	13	11	17	16	14	20	12	16	11	24
221947	Z280	13	26	16	11	10	13	11	17	16	14	20	12	16	11	24
296741	Z280	13	27	16	10	10	13	11	17	16	14	20	12	15	11	24
N117424	Z280	13	25	15	10	10	13	11	17	15	14	20	11	15	11	23
581183	Z280	13	25	16	10	10	13	11	17	15	14	20	11	15	11	23
186199	Z280	13	25	16	11	10	13	11	17	17	14	20	12	15	11	23
629297	Z280	13	25	16	11	10	13	11	17	16	14	20	11	17	11	23
163710	Z280	13	25	15	10	10	13	11	17	15	14	20	12	17	11	23
575856	Z280	13	25	15	10	10	13	11	17	17	14	20	12	16	11	23
137650	Z280	13	25	15	10	10	13	11	18	17	14	20	11	16	11	23
132136	Z280	13	25	15	10	10	13	11	17	16	14	20	12	16	11	23
E10339	Z280	13	25	15	10	10	13	11	17	16	14	20	10	15	11	23
222811	Z280	13	25	15	10	10	13	11	17	16	14	20	13	16	10	23
236530	Z280	13	25	15	10	10	13	11	17	16	14	20	13	16	10	23
253745	Z280	13	25	15	10	10	13	11	17	16	14	20	13	16	10	23
257060	Z280	13	25	15	10	10	13	11	17	16	14	20	13	16	10	23
236539	Z280	13	25	15	10	10	13	11	17	16	14	20	13	16	10	23
213524	Z280	13	25	15	10	10	13	11	17	16	14	20	13	16	10	23
277296	Z280	13	25	15	10	10	13	11	17	16	14	20	13	16	10	23
H1272	Z280	13	25	17	10	11	13	11	18	15	14	20	11	15	11	23
97423	Z280	13	25	17	10	11	13	11	18	16	14	20	11	15	11	23
187899	Z280	13	25	15	10	10	13	11	17	15	14	20	11	16	11	23
575786	Z280	13	25	16	10	10	13	11	17	17	14	20	11	16	11	23
194847	Z280	13	25	17	10	10	13	11	17	15	14	20	12	16	11	23
262816	Z280	13	25	16	10	10	12	11	17	15	14	20	12	16	11	23
250093	Z280	13	25	15	10	10	13	11	16	15	14	20	11	16	11	23
424366	Z280	13	24	15	10	10	13	11	16	15	14	20	12	15	11	23
312419	Z280	13	24	16	10	10	13	11	18	16	14	21	12	15	11	23
239115	Z280	13	25	15	10	10	13	11	17	15	14	20	12	16	11	23
162192	Z280	13	25	16	10	10	13	11	17	15	14	20	12	16	11	23
174452	Z280	13	24	15	10	10	13	11	17	15	14	20	12	17	11	23
E14123	Z280	13	25	16	10	10	13	11	17	15	14	20	12	16	11	23
248308	Z280	13	25	15	10	10	13	11	17	15	14	19	12	16	11	23
350685	Z280	13	25	16	10	10	13	11	17	15	14	20	12	16	11	23
49754	Z280	13	25	16	10	10	13	11	17	16	14	20	12	16	11	23
184486	Z280	13	26	16	11	10	13	11	16	15	14	20	12	15	11	23
415934	Z280	13	25	15	10	10	13	11	17	15	14	20	13	16	11	23
575136	Z280	13	25	15	10	10	13	11	17	15	14	20	11	16	11	21
83222	Z280	13	25	16	10	10	13	11	17	15	14	20	12	16	11	23
N95232	Z280	13	25	16	10	10	13	11	17	15	14	20	12	15	11	23
242343	Z280	13	25	16	10	10	13	11	17	15	14	20	12	16	11	23
241824	Z280	13	25	16	10	10	13	11	17	15	14	20	13	16	11	23
210520	Z280	13	25	16	10	10	13	11	17	15	14	20	11	16	11	23
348788	Z280	13	25	17	10	10	13	11	17	16	14	20	12	17	11	23
627740	Z280	13	25	15	10	10	13	11	17	16	14	20	12	16	11	23
E16949	Z280	13	25	16	10	10	13	11	17	15	14	20	11	15	11	23
333222	Z280	13	25	16	9	10	13	11	16	15	14	20	12	16	11	23
48615	Z280	13	25	16	11	10	13	11	17	16	14	20	11	15	11	23
272877	Z280	13	24	16	13	10	13	11	16	13	14	20	11	16	11	24
376443	Z280	13	26	17	11	10	13	11	17	13	14	20	12	16	11	23
N180718	Z280	13	25	17	11	10	13	11	16	13	14	20	11	15	11	23
200076	Z280	13	25	16	11	10	13	11	16	13	14	20	12	16	11	23
547587	Z280	13	25	17	11	11	13	11	16	14	14	20	12	16	11	23
93495	Z280	13	25	17	11	10	13	11	16	13	14	20	12	15	11	23
N25399	Z280	13	25	16	11	10	13	11	17	14	14	20	12	16	11	23
210538	Z280	13	25	15	12	10	13	11	17	15	14	20	12	16	11	23
345050	Z280	13	25	15	11	11	14	11	17	16	14	20	12	17	11	23
225464	Z280	13	25	16	10	10	13	11	16	15	14	20	12	17	11	23
556886	Z280	13	25	16	10	10	13	11	16	15	14	20	11	15	11	23
152881	Z280	13	26	15	11	10	15	11	17	15	14	20	12	17	11	23
N83877	Z280	13	24	15	11	10	13	11	18	15	14	20	11	16	11	23
286145	Z280	13	24	16	11	11	12	11	18	16	14	20	11	16	11	25
E2587	Z280	13	25	17	11	10	13	11	18	15	14	20	12	15	11	23
188231	Z280	13	25	16	11	10	13	11	17	15	14	20	11	15	11	24
188784	Z280	13	25	16	11	10	13	11	18	15	14	20	11	15	11	24
342710	Z280	13	25	15	10	10	13	11	18	15	14	20	12	15	11	23
627697	Z280	13	25	16	10	10	13	11	18	15	14	19	12	15	11	23
62051	Z280	13	25	15	10	10	13	11	18	15	14	20	13	16	11	25
334923	Z280	13	25	15	11	10	13	11	18	15	14	20	11	15	12	23
497805	Z280	13	26	15	11	10	14	11	18	15	14	20	12	15	12	23
332648	Z280	13	24	15	11	10	13	11	18	15	14	20	11	18	11	23
415060	Z280	13	25	15	11	10	13	11	18	16	14	20	12	15	11	23
371961	Z280	13	23	15	11	10	13	11	18	14	14	20	12	15	11	24
152915	Z280	13	25	15	11	10	13	11	18	16	14	20	12	15	11	23
406192	Z280	13	24	15	11	10	13	11	18	15	14	20	12	15	11	23
626512	Z280	13	24	15	11	10	14	11	18	15	14	20	12	15	11	23
620818	Z280	13	24	15	10	10	13	11	18	14	14	19	12	15	11	23
414873	Z280	13	24	15	11	10	13	11	18	14	14	20	12	15	11	23
444847	Z280	13	25	15	11	11	13	11	17	15	14	20	12	15	11	23
147875	Z280	13	25	15	10	10	13	11	19	15	14	20	12	16	11	23
474057	Z280	13	26	14	10	10	13	11	19	15	14	21	11	15	11	23
N26583	Z280	13	24	15	11	10	13	11	19	17	14	20	11	16	11	23
339286	Z280	13	24	15	11	10	12	11	16	15	14	20	10	15	11	23
525664	Z280	13	24	15	11	10	13	11	17	15	14	21	12	15	11	24
559995	Z280	13	24	16	11	10	13	11	17	15	14	20	11	14	11	24
249530	Z280	13	25	15	10	11	14	11	17	15	14	19	12	15	11	24
186197	Z280	13	25	16	11	10	13	11	16	15	14	20	12	15	11	24
513729	Z280	13	25	16	11	11	14	11	17	15	14	20	12	15	11	24
154400	Z280	13	25	16	11	10	13	11	17	15	14	20	14	14	11	24
309593	Z280	13	25	16	11	10	13	11	17	15	14	20	12	16	11	24
149865	Z280	13	25	16	11	10	13	11	17	15	14	20	12	16	11	24
210318	Z280	13	25	16	11	11	13	11	17	16	14	20	12	15	11	24
161551	Z280	13	24	16	11	10	14	11	18	15	14	20	11	15	11	24
247625	Z280	13	24	16	11	10	13	11	17	15	14	20	12	15	11	24
152896	Z280	13	25	16	10	10	13	11	17	15	14	20	11	15	11	24
257106	Z280	13	25	16	11	10	13	11	18	15	14	20	12	15	11	25
114382	Z280	13	25	16	11	10	13	11	17	15	14	20	13	15	11	24
726133	Z280	13	25	16	11	11	13	11	17	14	14	19	12	15	11	24
152908	Z280	13	25	16	11	10	13	11	17	15	14	20	11	15	11	24
521728	Z280	13	25	16	11	10	13	11	17	14	14	20	12	15	11	24
350191	Z280	13	25	16	11	10	13	11	17	15	14	20	12	16	11	24
N73359	Z280	13	25	16	10	10	13	11	16	15	14	20	12	15	11	24
402417	Z280	13	25	16	11	10	13	11	17	15	14	20	12	15	11	24
277493	Z280	13	25	16	10	10	13	11	16	15	14	20	12	15	11	24
357316	Z280	13	25	16	11	10	13	11	17	15	14	20	11	15	11	25
277814	Z280	13	24	16	11	10	13	11	17	16	14	19	12	15	11	24
277822	Z280	13	24	17	11	10	13	11	17	16	14	19	12	15	11	24
344622	Z280	13	25	16	11	10	13	11	17	15	14	20	12	15	11	25
309082	Z280	13	25	16	11	10	13	11	17	15	14	20	12	15	11	24
535959	Z280	13	24	15	11	10	13	11	16	15	14	20	12	15	11	24
371938	Z280	13	24	16	11	10	13	11	17	15	14	20	12	15	11	24
618235	Z280	13	24	16	11	10	14	11	17	15	14	20	11	16	11	24
211563	Z280	13	24	16	11	11	13	11	17	16	14	20	11	15	11	24
247187	Z280	13	25	15	11	10	12	11	17	15	14	20	12	15	11	26
292560	Z280	13	25	15	11	10	13	11	17	15	14	20	12	16	11	24
254330	Z280	13	25	15	11	10	13	11	17	15	14	20	11	15	11	25
326504	Z280	13	25	16	10	10	13	11	17	14	14	20	12	15	11	24
N122817	Z280	13	25	16	10	10	13	11	17	14	14	20	11	15	11	24
E10274	Z280	13	25	16	11	10	13	11	17	15	14	20	12	15	11	24
586644	Z280	13	25	16	11	10	13	11	17	15	14	20	12	16	11	24
237540	Z280	13	25	16	11	10	13	11	17	15	14	20	11	15	11	24
93478	Z280	13	25	16	11	10	13	11	17	16	14	20	12	15	11	24
246167	Z280	13	26	15	11	10	13	11	17	15	14	20	12	15	11	24
277818	Z280	13	25	16	10	11	13	11	17	15	14	21	11	16	11	23
217691	Z280	13	24	16	10	11	13	11	17	15	14	20	12	16	11	24
B9317	Z280	13	24	16	10	11	13	11	17	15	14	20	12	16	11	24
296287	Z280	13	25	16	10	11	13	11	18	15	14	20	12	16	11	23
405648	Z280	13	25	16	10	11	13	11	17	15	14	20	11	16	11	23
515493	Z280	13	25	14	10	11	12	12	17	15	14	21	12	16	11	23
224635	Z280	13	25	16	10	11	13	11	17	15	14	20	12	16	11	23
219841	Z280	13	25	15	10	11	13	11	17	15	14	20	12	16	11	23
179285	Z280	13	25	16	10	11	13	11	17	15	14	20	12	16	11	23
17606	Z280	13	25	16	10	11	13	11	17	16	14	20	12	15	11	23
364402	Z280	13	25	16	11	12	13	12	17	16	14	20	13	16	11	23
175656	Z280	13	25	16	10	12	13	11	18	16	14	20	13	16	11	23
332274	Z280	13	25	17	11	11	13	11	16	14	14	20	12	16	11	24
N12438	Z280	13	24	16	11	12	13	11	17	17	14	20	12	16	11	23
264326	Z280	13	25	16	11	11	13	11	18	16	14	20	13	16	11	23
356544	Z280	13	25	16	11	11	13	11	17	16	14	20	12	15	11	23
188911	Z280	13	25	16	11	12	13	11	18	16	14	19	13	16	11	23
221446	Z280	13	25	16	11	12	13	11	18	16	14	20	13	16	11	23
214462	Z280	13	25	16	11	12	13	11	18	16	14	20	13	16	11	23
319060	Z280	13	25	16	11	12	13	11	18	16	14	20	13	16	11	23
277807	Z280	13	25	16	9	11	13	11	17	15	14	20	12	16	11	24
176100	Z280	13	24	16	11	11	14	11	17	16	14	20	12	16	11	23
323281	Z280	13	24	16	11	11	14	11	17	16	14	20	12	16	11	23
113530	Z280	13	25	16	11	11	14	11	17	16	14	20	12	16	11	23
B30338	Z280	13	25	15	11	7	14	11	17	14	14	20	12	16	11	23
332456	Z280	13	25	15	11	10	13	11	17	15	15	21	12	15	11	22
B221337	Z280	13	25	15	11	10	13	11	17	15	14	21	12	15	11	23
B223200	Z280	13	24	15	10	10	13	11	17	15	14	20	12	15	11	24
645710	Z280	13	25	15	11	10	13	11	17	15	14	20	11	15	11	24
261888	Z280	13	25	17	11	10	13	11	17	15	14	20	11	16	11	23
139532	Z280	13	26	16	10	10	13	11	20	15	14	21	11	16	11	23
B45292	Z280	13	26	16	11	10	13	11	17	15	14	20	11	17	11	23
152884	Z280	14	25	16	11	10	13	11	17	15	14	20	10	16	11	23
210327	Z280	14	25	16	11	10	13	11	17	15	14	20	10	16	11	23
344704	Z280	14	25	16	11	12	13	11	17	15	14	21	11	17	11	23
33699	Z280	14	24	16	10	11	13	11	17	15	14	20	12	16	11	23
N84050	Z280	14	25	16	10	10	14	11	17	15	14	20	11	16	11	23
186203	Z280	14	25	16	10	10	13	11	17	15	14	20	11	17	11	24
H2291	Z280	14	24	16	10	10	14	11	17	15	14	20	11	16	11	23
294325	Z280	14	23	16	11	10	13	11	16	15	14	20	11	15	11	23
768107	Z280	14	25	16	11	8	15	11	17	14	14	20	11	16	11	24
116502	Z280	14	24	15	11	11	13	11	16	15	14	20	12	15	11	23
152897	Z280	14	25	16	11	10	13	11	16	15	14	20	11	14	11	24
308845	Z280	14	25	16	11	11	13	11	17	15	14	20	11	15	11	24
219520	Z280	14	24	16	11	10	13	11	17	15	14	20	12	15	11	24
249367	Z280	14	24	16	11	10	13	12	17	15	14	20	12	15	11	26
264855	Z280	14	24	16	10	10	13	11	17	15	14	20	12	15	11	24
112950	Z280	14	25	15	10	10	13	11	16	15	14	20	11	15	11	24
325445	Z280	14	25	16	11	10	13	11	17	15	14	20	12	15	11	24
366323	Z280	14	24	16	11	10	13	11	17	15	14	20	11	14	11	23
M7258	Z283*	12	25	15	11	10	14	11	17	16	14	20	11	17	11	23
223757	Z283*	12	26	15	12	10	13	11	17	15	14	20	11	16	11	23
199628	Z283*	13	24	15	10	10	14	11	16	16	14	20	10	16	11	23
374874	Z283*	13	25	16	10	11	13	11	17	17	14	20	11	16	11	23
265442	Z283*	13	26	16	11	10	13	11	17	17	13	20	11	18	11	23
293167	Z283*	13	25	15	10	10	13	11	16	16	14	20	12	16	11	23
360638	Z283*	13	25	15	10	10	13	11	16	16	14	20	12	16	11	23
226541	Z283*	13	25	15	10	10	13	11	16	16	14	20	12	16	11	23
N49600	Z283*	13	25	15	10	10	13	11	16	16	14	20	12	16	11	23
N81910	Z283*	13	25	15	11	10	13	11	17	16	14	20	11	16	12	23
N127505	Z283*	13	25	15	11	10	13	11	17	16	14	20	10	16	11	23
M9785	Z283*	13	24	15	11	10	14	11	17	15	14	20	11	16	11	23
M7832	Z283*	13	24	15	10	10	14	11	17	15	14	20	10	16	11	22
B17422	Z283*	13	24	15	10	11	14	11	18	18	14	20	11	15	11	23
132838	Z283*	13	24	15	11	11	14	11	18	18	14	20	11	15	11	23
N30332	Z284	12	25	15	11	10	14	11	17	15	14	20	12	16	11	23
346520	Z284	13	24	15	10	10	13	11	17	17	14	20	11	16	11	23
166219	Z284	13	25	16	10	10	13	11	17	18	14	19	11	15	11	23
184708	Z284	13	25	16	10	11	14	11	17	15	14	20	11	15	11	23
102216	Z284	13	26	16	10	11	13	11	16	15	14	21	12	16	11	24
235339	Z284	13	26	16	10	12	13	11	17	15	14	20	12	16	11	23
360889	Z284	13	26	16	10	11	13	11	16	15	14	20	12	16	11	23
637675	Z284	13	24	16	10	10	13	11	16	15	14	20	12	16	11	23
5734	Z284	13	25	16	10	10	13	11	16	15	14	20	12	15	11	24
235499	Z284	13	25	16	10	10	13	11	16	15	14	20	12	16	11	24
365860	Z284	13	24	17	10	10	13	11	16	15	14	20	12	16	11	23
110194	Z284	13	25	16	10	10	13	11	16	15	14	20	12	16	11	23
324967	Z284	13	26	15	11	10	13	11	16	15	14	20	11	16	11	23
226707	Z284	13	24	16	11	10	13	11	16	15	14	20	11	17	11	23
559348	Z284	13	25	16	11	10	13	11	17	15	14	20	11	16	11	23
314639	Z284	13	25	16	11	11	13	11	16	15	14	20	11	16	11	23
437705	Z284	13	25	17	11	10	13	11	17	15	14	20	11	16	11	23
151268	Z284	13	24	15	11	10	13	11	17	16	14	20	11	15	11	23
287184	Z284	13	25	15	10	10	13	11	18	16	14	20	11	16	11	23
221538	Z284	13	25	15	11	10	13	11	18	16	14	20	12	15	11	24
440784	Z284	13	25	15	11	10	13	11	17	15	14	20	13	17	11	23
266565	Z284	13	25	15	11	10	13	11	18	18	14	20	12	16	11	23
343224	Z284	13	25	15	11	10	13	11	18	17	14	20	12	16	11	23
N54003	Z284	13	25	15	11	10	13	11	18	16	14	20	11	16	11	23
B3613	Z284	13	25	15	11	10	13	11	18	16	14	20	11	16	11	23
N4268	Z284	13	25	15	11	10	13	11	18	15	14	20	12	16	11	23
230707	Z284	13	25	16	11	10	14	11	18	15	14	20	12	15	11	23
365095	Z284	13	25	15	11	10	13	11	17	15	14	19	11	15	11	23
419434	Z284	13	25	16	11	10	13	11	17	15	14	19	12	16	11	23
729831	Z284	13	25	16	11	10	13	11	17	15	14	19	12	15	11	23
25811	Z284	13	25	16	11	10	13	11	17	15	14	19	12	15	11	23
365094	Z284	13	24	16	11	10	13	11	17	15	14	20	11	16	11	23
263837	Z284	13	24	16	11	10	14	11	18	15	14	20	11	15	11	23
E15039	Z284	13	24	16	11	10	13	11	16	15	14	20	11	16	11	23
271906	Z284	13	24	16	11	10	13	11	17	15	14	20	11	16	11	23
271411	Z284	13	24	16	11	10	13	11	17	15	14	20	11	16	11	23
300095	Z284	13	25	15	10	10	13	11	17	15	14	20	11	15	11	23
307878	Z284	13	25	15	11	10	13	11	16	15	14	20	12	16	11	23
N35118	Z284	13	25	15	10	10	13	11	17	15	14	20	13	16	11	23
13190	Z284	13	25	15	10	10	14	11	18	14	14	19	12	16	11	23
37471	Z284	13	25	15	10	10	14	11	18	14	14	19	12	16	11	23
199351	Z284	13	25	15	10	10	14	11	18	14	14	19	12	16	11	23
N86937	Z284	13	26	15	10	10	14	11	18	14	14	19	12	16	11	23
184123	Z284	13	26	15	10	10	14	11	18	14	14	19	12	16	11	23
212056	Z284	13	26	15	10	10	14	11	18	14	14	19	12	16	11	23
239039	Z284	13	26	15	10	10	14	11	18	14	14	19	12	16	11	24
N76288	Z284	13	25	15	10	10	13	11	17	15	14	20	12	16	11	23
N144333	Z284	13	25	15	11	10	13	11	17	16	14	19	12	16	11	23
N115057	Z284	13	26	15	11	10	13	11	18	16	14	20	12	15	11	23
360983	Z284	13	25	15	11	10	13	11	17	15	14	20	12	16	12	23
45463	Z284	13	25	15	10	10	13	11	17	15	14	20	12	16	11	23
266616	Z284	13	25	16	10	10	13	11	16	15	14	20	12	17	11	23
207487	Z284	13	25	15	10	10	13	11	16	15	14	20	12	16	11	23
342788	Z284	13	25	15	10	10	13	11	16	15	14	20	12	15	11	23
416357	Z284	13	25	15	10	10	13	11	16	15	14	20	12	15	11	23
342490	Z284	13	25	15	10	10	13	11	16	16	14	20	12	15	11	23
149287	Z284	13	23	15	10	11	13	11	17	16	14	20	12	16	11	23
372353	Z284	13	24	15	10	10	13	11	17	15	14	20	11	16	11	23
457657	Z284	13	25	15	10	10	13	11	17	15	14	20	12	15	11	23
307203	Z284	13	24	14	10	10	13	11	17	16	14	19	12	15	11	23
376453	Z284	13	24	14	11	10	13	11	17	15	14	19	12	15	11	23
268506	Z284	13	25	14	11	10	13	11	17	15	14	19	12	15	11	23
439041	Z284	13	25	14	11	10	13	11	17	15	14	19	12	15	11	23
N19249	Z284	13	25	14	11	10	13	11	17	16	14	19	11	15	11	23
209009	Z284	13	25	14	11	10	13	11	18	15	14	19	11	15	11	23
291913	Z284	13	25	14	11	10	13	11	17	15	14	19	11	15	11	23
391426	Z284	13	25	14	11	10	13	11	17	16	14	19	11	15	11	23
359731	Z284	13	25	14	11	10	13	11	17	14	14	19	12	14	11	23
276357	Z284	13	25	14	11	10	13	11	17	15	14	19	12	14	11	23
N77239	Z284	13	25	14	11	10	13	11	17	15	14	19	12	15	11	23
400031	Z284	13	25	14	11	10	13	11	17	15	14	19	12	15	11	23
671915	Z284	13	25	15	11	10	14	11	17	15	14	20	10	16	11	23
311438	Z284	13	25	15	10	10	13	11	17	15	14	20	12	16	11	23
345938	Z284	13	25	15	10	10	13	11	17	15	14	20	11	16	10	23
242531	Z284	13	25	15	10	10	13	11	17	15	14	20	12	16	10	23
298718	Z284	13	25	16	11	11	13	11	17	15	14	20	12	17	11	23
N37402	Z284	13	25	15	11	11	13	11	17	15	14	20	12	16	11	23
205467	Z284	13	25	15	11	10	13	11	17	15	14	20	12	16	11	24
9828	Z284	13	25	15	11	10	13	11	17	15	14	20	11	16	11	24
22714	Z284	13	25	15	11	10	14	11	17	15	14	20	12	16	11	24
37488	Z284	13	25	15	11	10	13	11	17	15	14	20	12	15	11	23
B6396	Z284	13	25	15	11	10	13	11	17	16	14	20	12	17	11	23
325242	Z284	13	25	15	10	10	13	11	17	15	14	20	12	16	11	23
183829	Z284	13	25	15	11	10	13	11	17	15	14	19	12	16	11	23
172023	Z284	13	25	15	11	10	13	11	17	16	14	19	12	16	11	24
110181	Z284	13	25	15	11	10	13	11	17	15	14	19	12	15	11	23
236363	Z284	13	25	15	11	10	13	11	17	15	14	20	12	16	11	23
21631	Z284	13	25	15	11	10	13	11	17	15	14	20	12	16	11	23
165633	Z284	13	25	15	11	10	13	11	17	15	14	20	12	16	11	23
B8912	Z284	13	25	15	11	10	13	11	17	15	14	20	12	16	11	23
340714	Z284	13	24	15	11	10	13	11	16	15	14	20	12	16	11	23
N129652	Z284	13	25	15	10	10	13	11	17	14	14	20	12	15	11	23
117092	Z284	13	25	15	11	10	13	11	17	15	14	20	12	15	11	23
292787	Z284	13	25	15	11	10	13	11	17	15	14	20	12	15	11	23
345423	Z284	13	25	15	11	10	13	11	17	15	14	20	12	15	11	23
362316	Z284	13	25	15	10	11	13	11	16	15	14	20	12	16	11	23
143332	Z284	13	25	15	11	10	13	11	16	15	14	20	12	16	11	23
75319	Z284	13	25	15	10	10	13	11	17	16	14	20	11	16	11	23
209395	Z284	13	25	15	10	10	13	11	17	15	14	20	12	16	11	23
214859	Z284	13	25	14	10	10	14	11	17	16	14	20	12	16	11	23
241914	Z284	13	25	15	11	10	14	11	17	15	14	20	12	16	11	23
B3119	Z284	13	25	15	11	10	15	11	17	14	14	20	11	16	11	23
176724	Z284	13	25	15	11	10	14	11	16	15	14	20	12	16	11	23
364902	Z284	13	25	15	11	10	14	11	16	15	14	20	12	16	10	23
218192	Z284	13	25	16	10	10	14	11	16	14	14	20	13	16	10	23
226532	Z284	13	24	15	11	10	14	11	17	15	14	20	12	17	10	24
N104946	Z284	13	25	15	10	10	13	11	17	15	14	20	12	16	10	23
166286	Z284	13	25	15	11	10	13	11	17	15	14	20	12	16	10	23
563934	Z284	13	25	15	11	10	14	11	17	15	14	20	12	16	10	23
181916	Z284	13	25	15	11	10	14	11	16	15	14	20	12	16	10	23
174911	Z284	13	25	15	11	10	14	11	17	15	14	20	11	16	10	23
534431	Z284	13	26	15	11	10	14	11	16	15	14	20	12	16	10	23
N27621	Z284	13	24	15	10	10	14	11	17	15	14	20	12	17	11	23
N41629	Z284	13	25	15	11	10	14	11	17	15	14	20	12	15	11	23
B3898	Z284	13	25	15	11	10	14	11	17	15	14	20	11	16	11	23
42316	Z284	13	25	15	11	10	14	11	17	15	14	20	12	17	11	23
242373	Z284	13	25	15	11	10	14	11	17	15	14	20	12	17	12	23
B11038	Z284	13	25	15	11	10	14	11	17	15	14	20	12	17	12	23
366289	Z284	13	25	15	11	10	14	11	17	16	14	20	12	17	11	23
35717	Z284	13	25	15	11	10	13	11	17	16	14	20	12	17	11	23
N128746	Z284	13	25	15	11	10	14	11	17	16	14	20	12	16	11	23
231598	Z284	13	25	15	11	10	14	11	17	16	14	20	12	17	11	23
246823	Z284	13	25	15	11	10	14	11	17	15	14	19	12	17	11	23
27987	Z284	13	25	15	11	10	14	11	17	16	14	19	12	17	11	23
162919	Z284	13	25	15	11	10	14	11	17	16	14	19	13	16	11	23
310078	Z284	13	25	15	11	10	14	11	17	16	14	19	12	17	11	23
200758	Z284	13	25	15	11	10	14	11	17	16	14	20	12	17	11	23
15983	Z284	13	25	15	11	10	14	11	17	16	14	20	12	17	11	23
75730	Z284	13	25	15	11	10	14	11	17	16	14	20	12	17	11	23
407796	Z284	13	25	15	11	10	13	11	17	16	14	20	12	17	11	23
158790	Z284	13	25	15	11	10	14	11	17	16	14	20	12	18	11	23
173102	Z284	13	25	15	11	10	14	11	17	16	14	20	12	18	11	23
204245	Z284	13	25	15	11	10	14	11	17	17	14	20	12	17	11	23
335532	Z284	13	25	15	11	10	14	11	17	15	14	20	12	16	11	23
177892	Z284	13	24	16	11	10	14	11	17	15	14	20	12	16	11	23
57322	Z284	13	25	15	11	10	13	11	17	15	14	20	11	17	11	23
2684	Z284	13	25	15	11	10	14	11	17	15	14	20	12	17	11	23
N21447	Z284	13	25	15	11	10	14	11	17	15	14	20	12	16	11	23
312359	Z284	13	25	15	11	10	14	11	17	15	14	20	12	16	11	23
285947	Z284	13	25	15	11	10	14	11	17	15	14	20	12	15	11	23
31751	Z284	13	25	15	11	10	14	11	17	15	14	20	12	15	11	23
197745	Z284	13	25	15	11	10	14	11	16	15	14	20	12	15	11	23
179930	Z284	13	25	15	11	10	14	11	17	15	14	20	11	15	11	23
209210	Z284	13	25	15	11	10	14	11	17	15	14	20	12	15	11	23
319964	Z284	13	25	15	11	10	14	11	16	15	14	20	12	15	11	23
391551	Z284	13	25	15	11	10	14	11	16	16	14	20	12	15	11	23
363715	Z284	13	25	15	11	10	14	11	16	16	14	20	12	15	11	23
364771	Z284	13	25	15	11	10	14	11	16	16	14	20	12	15	11	23
N36688	Z284	13	25	15	11	10	14	11	17	15	14	20	12	17	11	23
332998	Z284	13	25	16	10	10	14	11	17	15	14	20	12	17	11	23
126743	Z284	13	25	15	11	10	14	11	17	15	14	20	12	15	11	23
363030	Z284	13	26	15	10	10	14	11	17	15	14	20	12	16	11	23
N152199	Z284	13	26	15	10	10	14	11	17	15	14	20	13	16	11	23
219219	Z284	13	25	15	11	11	14	11	16	16	14	20	12	16	11	23
395471	Z284	13	25	15	11	10	14	11	17	15	14	20	12	15	11	23
219610	Z284	13	25	15	11	10	14	11	17	15	14	20	12	15	11	23
192895	Z284	13	25	16	10	10	14	11	16	15	14	20	12	16	11	23
434223	Z284	13	25	15	11	10	14	11	17	15	14	20	12	16	11	24
266152	Z284	13	25	15	11	10	14	11	17	15	14	20	12	15	11	23
192445	Z284	13	25	15	12	11	14	11	17	15	14	20	12	15	11	23
550681	Z284	13	25	15	10	10	14	11	17	15	14	20	12	17	12	23
N29496	Z284	13	25	15	11	10	14	11	17	15	14	20	12	16	12	23
N77135	Z284	13	25	15	11	10	14	11	17	15	14	20	11	16	11	23
352296	Z284	13	25	15	11	10	14	11	17	15	14	20	13	16	11	23
N26534	Z284	13	25	16	11	10	14	11	17	15	14	20	12	16	11	23
115379	Z284	13	25	15	11	10	14	11	17	15	14	20	11	15	11	23
290105	Z284	13	25	15	11	10	14	11	17	15	14	20	12	15	11	23
260016	Z284	13	25	15	11	10	14	11	17	15	14	20	11	15	11	23
205158	Z284	13	24	15	11	10	14	11	17	15	14	20	12	15	11	23
N9416	Z284	13	25	15	11	10	14	11	17	15	14	20	12	15	11	23
366895	Z284	13	25	15	11	10	15	11	17	16	14	21	12	16	11	23
365277	Z284	13	25	15	11	11	13	11	17	15	14	20	12	16	11	23
407270	Z284	13	25	15	11	10	14	11	17	15	14	20	12	16	11	23
318440	Z284	13	25	16	11	10	13	11	17	15	14	20	11	15	11	23
112843	Z284	13	25	15	11	10	13	11	17	15	14	20	12	16	11	23
266757	Z284	13	25	15	10	10	14	11	16	15	14	21	11	16	11	23
N33188	Z284	13	25	15	10	10	13	11	17	16	14	20	12	16	11	23
230573	Z284	13	25	15	10	10	14	11	17	16	14	20	11	16	11	23
320338	Z284	13	25	15	11	10	14	11	17	15	14	20	12	15	11	23
298323	Z284	13	24	15	10	10	14	11	17	15	14	20	11	15	11	23
322936	Z284	13	24	15	11	9	13	11	17	15	14	20	12	15	11	23
766709	Z284	13	25	15	11	10	14	13	17	15	14	20	12	16	11	23
217356	Z284	13	24	15	11	10	14	11	17	15	14	20	11	16	11	24
333892	Z284	13	25	15	11	10	13	11	17	15	14	20	11	15	11	23
N86985	Z284	13	25	15	11	10	14	11	17	15	14	20	12	16	11	23
44389	Z284	13	25	15	11	10	14	11	16	15	14	20	11	16	11	23
58513	Z284	13	25	15	10	10	13	11	16	15	14	20	12	16	11	23
277280	Z284	13	25	15	10	10	14	11	16	15	14	20	13	16	11	23
B3246	Z284	13	25	15	10	11	14	11	16	15	14	20	12	15	11	23
B3247	Z284	13	25	15	10	11	14	11	16	15	14	20	12	15	11	23
81518	Z284	13	25	15	11	10	14	11	17	15	14	20	12	16	11	23
N31366	Z284	13	25	15	11	10	14	11	17	15	14	20	12	16	11	23
N130165	Z284	13	25	15	11	10	13	11	17	15	14	20	11	16	11	23
363194	Z284	13	25	15	11	10	13	11	17	15	14	20	11	16	11	23
231736	Z284	13	25	15	11	10	13	11	17	15	14	20	12	16	11	23
224511	Z284	13	25	15	11	10	13	11	17	15	14	20	12	15	11	23
369287	Z284	13	25	15	10	10	13	11	15	15	14	20	12	16	11	23
5776	Z284	13	25	15	11	10	13	11	16	15	14	20	11	16	11	23
5780	Z284	13	25	15	11	10	13	11	17	15	14	20	12	16	11	23
13844	Z284	13	25	15	11	10	13	11	17	15	14	21	12	15	11	23
292223	Z284	13	25	15	11	11	13	11	16	14	14	20	11	16	11	23
180309	Z284	13	25	15	11	11	13	11	17	16	14	20	11	17	11	23
309012	Z284	13	25	15	11	11	13	11	18	16	14	20	11	17	11	23
268010	Z284	13	27	15	11	11	13	11	18	15	14	20	11	17	11	23
338188	Z284	13	25	15	10	11	13	11	18	16	14	20	11	17	11	23
67704	Z284	13	26	15	10	11	14	11	18	16	14	20	11	17	11	23
N91498	Z284	13	27	15	11	12	14	11	18	16	14	20	11	17	11	23
174455	Z284	13	25	15	11	10	13	11	17	15	14	20	11	16	11	23
209620	Z284	13	25	15	11	10	13	11	17	15	14	20	12	15	11	23
239937	Z284	13	25	15	11	10	13	11	18	15	14	20	12	16	11	23
151063	Z284	13	25	15	11	10	13	11	17	15	14	20	12	15	11	23
360832	Z284	13	25	16	11	10	13	11	17	15	14	20	12	15	11	23
237112	Z284	13	24	15	12	11	13	11	17	15	14	20	12	16	11	23
475987	Z284	13	25	16	10	10	13	11	17	15	14	20	12	15	11	23
N65331	Z284	13	25	16	10	10	13	11	17	15	14	20	12	15	11	23
N72357	Z284	13	25	16	10	10	13	11	17	15	14	20	12	15	11	23
N21908	Z284	13	24	15	11	10	13	11	17	15	14	20	12	15	11	23
338881	Z284	13	24	15	11	11	13	11	17	15	14	20	12	15	11	23
323704	Z284	13	25	15	11	10	13	11	17	15	14	20	11	16	11	23
N3690	Z284	13	24	15	11	10	13	11	17	15	14	20	11	16	11	23
343609	Z284	13	26	15	11	10	13	11	17	15	14	19	11	16	11	23
N23144	Z284	13	26	15	11	10	13	11	17	15	14	20	11	16	11	23
B5637	Z284	13	26	15	11	10	13	11	17	15	14	20	11	15	11	23
391280	Z284	13	26	15	11	10	13	11	17	15	14	20	11	15	11	23
318771	Z284	13	25	15	11	11	13	11	17	15	14	20	12	16	12	23
454792	Z284	13	24	15	11	11	13	11	17	15	14	20	12	16	11	23
403751	Z284	13	24	15	11	11	13	11	17	15	14	20	12	16	11	23
520001	Z284	13	25	15	11	10	13	11	17	15	14	20	11	16	11	23
246621	Z284	13	25	15	11	10	13	11	17	15	14	20	11	16	11	23
219398	Z284	13	25	15	11	10	13	11	17	15	14	20	11	16	11	23
170779	Z284	13	25	15	11	10	13	11	17	15	14	20	11	16	11	23
18875	Z284	13	25	15	11	10	13	11	16	15	14	20	11	16	11	23
163767	Z284	13	24	15	11	10	13	11	17	15	14	20	11	16	11	23
230157	Z284	13	24	15	11	10	13	11	17	15	14	20	11	16	11	23
N136878	Z284	13	25	15	11	10	13	11	17	15	14	20	12	15	11	23
298638	Z284	13	26	15	10	10	14	11	17	16	14	20	10	16	11	23
193049	Z284	13	24	15	11	10	13	11	17	15	14	20	11	15	11	23
N64492	Z284	13	24	15	11	10	13	11	17	15	14	20	11	15	11	23
481631	Z284	13	25	16	11	11	13	11	17	15	14	20	10	15	11	23
496795	Z284	13	25	15	11	10	13	11	17	15	14	20	11	15	8	23
208117	Z284	13	25	15	10	10	13	11	17	15	14	20	12	16	11	23
724352	Z284	13	25	15	11	10	13	11	18	15	14	20	12	17	11	23
278816	Z284	13	25	15	11	11	13	11	19	15	14	20	12	17	11	23
250336	Z284	13	25	15	12	11	13	11	17	15	14	20	12	17	11	23
417774	Z284	13	25	15	11	11	13	11	17	15	14	19	12	17	11	23
501132	Z284	13	25	15	11	11	13	11	17	15	14	20	12	17	11	23
22763	Z284	13	25	15	11	11	13	11	17	15	14	20	12	17	11	23
295615	Z284	13	25	15	11	10	13	11	18	15	14	20	12	16	11	23
309998	Z284	13	25	15	11	10	13	11	18	15	14	20	12	17	11	23
56559	Z284	13	26	15	11	10	13	11	18	15	14	20	12	17	11	23
604516	Z284	13	25	15	11	10	13	11	18	15	14	20	12	17	11	23
211237	Z284	13	25	15	11	10	13	11	17	15	14	20	12	17	11	23
381241	Z284	13	25	15	11	10	13	11	18	15	14	19	12	17	11	23
505553	Z284	13	24	15	11	10	13	11	18	15	14	20	12	17	11	23
N113881	Z284	13	24	15	11	10	13	11	18	15	14	20	12	17	11	23
85098	Z284	13	25	15	11	10	13	11	17	15	14	20	12	17	11	23
N43943	Z284	13	25	15	11	10	13	11	18	15	14	20	12	17	11	23
316232	Z284	13	25	15	11	10	13	11	17	15	14	20	13	16	12	23
328858	Z284	13	25	16	11	10	13	11	16	16	15	20	13	15	11	23
41183	Z284	13	24	15	11	10	13	11	17	16	14	20	11	16	11	23
556499	Z284	13	24	16	11	10	13	11	18	16	14	20	12	16	11	23
B3810	Z284	13	25	14	10	10	13	11	16	15	14	20	13	16	11	23
B24519	Z284	13	25	14	11	10	14	11	17	15	14	20	12	15	11	23
501674	Z284	13	25	15	11	10	13	11	17	15	14	20	11	17	11	23
537502	Z284	13	25	15	11	10	14	11	17	15	14	20	12	16	11	23
B3584	Z284	13	25	15	11	12	13	11	17	15	14	20	12	16	12	23
B12327	Z284	13	26	15	11	11	13	11	17	15	14	20	11	16	11	23
N2353	Z284	13	25	16	10	12	13	11	17	15	14	19	11	15	11	23
222606	Z284	13	26	16	10	12	13	11	17	15	14	19	11	15	11	23
335433	Z284	13	26	17	11	12	13	11	17	16	14	19	11	16	11	23
133419	Z284	13	25	15	11	10	13	11	17	15	14	20	12	16	11	23
221705	Z284	13	25	16	11	10	13	11	17	16	14	20	11	16	11	23
228943	Z284	13	25	16	11	10	13	11	17	16	14	20	12	15	11	23
269981	Z284	13	25	16	11	10	13	11	17	15	14	20	12	16	11	23
312548	Z284	13	25	16	11	10	13	11	17	15	14	20	12	16	11	23
239188	Z284	13	25	16	12	10	13	11	17	15	14	20	12	15	11	23
232434	Z284	13	25	16	11	10	13	12	17	13	14	20	11	16	11	23
77616	Z284	13	25	17	11	10	13	11	17	16	14	20	12	15	11	23
120944	Z284	13	25	17	11	10	13	11	17	16	14	20	12	15	11	23
N80214	Z284	13	24	16	10	10	13	11	16	15	14	20	12	15	10	23
200367	Z284	13	25	16	11	11	13	11	16	15	14	20	10	15	11	24
444484	Z284	13	25	16	11	11	13	11	16	15	14	20	10	15	11	24
N237061	Z284	13	25	16	11	10	13	11	16	15	14	20	11	16	11	23
N98256	Z284	13	25	16	11	10	13	11	16	15	14	20	10	16	11	23
299871	Z284	13	25	16	11	10	13	11	16	15	14	20	10	16	11	23
263512	Z284	13	25	16	11	10	13	11	16	15	14	20	10	16	11	23
26986	Z284	13	26	16	10	10	13	11	17	15	14	20	12	15	11	23
425942	Z284	13	26	16	10	11	13	11	18	15	14	20	11	16	11	23
233887	Z284	13	24	17	11	11	13	11	17	15	14	20	12	16	11	23
220682	Z284	13	25	16	11	12	12	11	17	15	14	20	12	16	11	23
19765	Z284	13	24	16	11	10	13	11	17	15	14	20	13	16	11	23
155135	Z284	13	25	16	11	10	13	11	16	15	14	20	11	16	11	23
E12141	Z284	13	25	16	11	10	13	11	18	15	14	20	12	16	11	23
H2252	Z284	13	23	15	11	11	13	11	17	15	14	20	12	15	11	23
344913	Z284	13	25	15	11	10	13	11	17	16	14	20	12	17	11	23
308305	Z284	13	25	15	11	10	12	11	17	15	14	20	11	15	11	22
N213943	Z284	13	25	16	10	10	12	11	18	15	14	20	11	15	11	23
B3913	Z284	13	25	16	10	10	12	11	19	16	14	20	11	15	11	23
233658	Z284	13	24	15	10	10	12	11	18	16	14	19	12	15	11	23
232952	Z284	13	24	15	10	10	12	11	18	16	14	19	12	15	11	23
B2544	Z284	13	24	15	10	10	12	11	18	16	14	20	11	15	11	23
H1965	Z284	13	25	16	10	10	12	11	18	16	14	19	12	15	11	23
297543	Z284	13	25	16	10	10	12	11	18	16	14	20	12	16	11	23
368302	Z284	13	25	15	10	10	14	11	17	15	14	20	12	16	11	24
201804	Z284	13	24	16	10	10	14	11	17	16	14	20	12	15	11	24
349756	Z284	13	25	15	10	10	14	11	17	15	14	20	12	16	11	25
N94429	Z284	13	24	16	10	10	14	11	17	16	14	20	12	15	11	24
188790	Z284	13	24	16	10	10	15	11	17	16	14	20	12	15	11	24
316316	Z284	13	25	17	10	10	13	11	17	16	14	20	12	16	11	24
264619	Z284	13	25	17	10	10	13	11	17	16	14	20	12	16	11	24
209654	Z284	13	25	17	10	10	13	11	17	16	14	20	12	16	11	24
281869	Z284	13	25	17	10	10	13	11	17	16	14	20	12	16	11	24
490871	Z284	13	25	16	10	10	14	11	17	15	14	20	12	16	11	24
358151	Z284	13	25	16	10	10	14	11	17	15	14	20	12	16	11	24
28836	Z284	13	24	16	10	10	14	11	17	15	14	20	12	16	11	24
354496	Z284	13	25	16	10	10	14	11	17	15	14	20	12	16	11	24
434878	Z284	13	26	16	10	10	13	11	17	17	14	20	11	16	11	26
353026	Z284	13	24	17	10	10	14	11	18	15	14	20	11	16	11	26
242628	Z284	13	24	16	10	10	14	11	17	16	14	20	12	15	11	24
N98639	Z284	13	25	16	10	10	13	11	17	15	14	20	13	16	11	24
270976	Z284	13	25	16	10	10	13	11	17	15	14	20	11	15	11	24
272366	Z284	13	25	16	10	10	14	11	17	15	14	20	12	16	11	24
365430	Z284	13	25	15	11	10	13	11	17	15	14	20	12	15	11	23
273827	Z284	13	25	16	11	13	13	11	17	14	14	20	12	18	11	23
416379	Z284	13	24	16	11	11	13	11	16	14	14	20	13	15	11	24
N28630	Z284	13	25	16	11	11	13	8	16	14	14	20	11	15	11	23
346527	Z284	13	25	16	11	13	13	11	16	14	14	21	12	16	11	23
448861	Z284	13	25	16	11	13	13	11	16	15	14	21	12	16	11	23
281935	Z284	13	25	16	11	11	13	11	16	15	14	20	12	16	11	23
214208	Z284	13	25	16	11	11	13	11	16	15	14	20	12	16	11	23
206458	Z284	13	25	16	11	11	13	11	16	15	14	20	12	16	11	23
237013	Z284	13	25	16	11	11	13	11	16	15	14	20	12	16	11	23
216359	Z284	13	25	16	11	11	13	11	16	16	14	20	12	16	11	23
648488	Z284	13	25	16	11	11	13	11	16	15	14	20	12	16	11	23
286775	Z284	13	25	16	12	11	13	11	16	15	14	20	12	16	11	23
369279	Z284	13	25	16	11	11	13	11	16	15	14	20	12	15	11	23
128183	Z284	13	25	15	11	11	13	11	16	15	14	20	12	15	12	23
323929	Z284	13	25	16	11	11	12	11	16	15	14	20	12	15	11	23
388907	Z284	13	25	15	11	11	13	11	16	15	14	20	12	15	11	23
235669	Z284	13	23	15	11	11	13	11	16	15	14	19	12	15	11	23
266120	Z284	13	24	15	11	11	13	11	16	15	14	19	12	15	11	23
221924	Z284	13	25	15	11	11	13	11	16	15	14	20	13	15	11	23
219217	Z284	13	25	15	11	11	13	11	16	15	14	20	12	15	11	23
224712	Z284	13	25	15	11	11	14	11	16	15	14	20	11	15	11	23
329236	Z284	13	25	15	11	11	13	11	16	15	14	20	11	15	11	23
185911	Z284	13	25	15	11	11	13	11	16	14	14	20	12	16	11	23
331166	Z284	13	25	16	11	11	13	11	16	14	14	20	12	16	11	23
31864	Z284	13	25	15	11	11	13	11	16	15	14	20	12	15	11	23
114189	Z284	13	25	16	12	11	13	11	16	15	14	19	12	16	11	23
275464	Z284	13	25	16	10	12	13	11	16	15	14	20	12	16	11	23
275042	Z284	13	25	16	10	11	13	11	16	15	14	20	12	16	11	23
292868	Z284	13	25	16	10	11	13	11	16	15	14	19	11	16	11	23
204790	Z284	13	26	17	10	12	13	11	16	15	14	20	11	16	11	23
518987	Z284	13	25	16	10	10	12	11	17	15	14	20	12	16	11	23
112573	Z284	13	25	17	10	10	13	11	17	16	14	20	12	15	11	23
N43637	Z284	13	25	16	11	10	14	11	17	15	14	20	12	17	11	23
33875	Z284	14	25	16	10	10	13	11	17	18	14	20	12	16	11	23
83944	Z284	14	25	16	10	10	13	11	17	18	14	20	12	16	11	23
213278	Z284	14	25	16	10	10	13	11	17	18	14	20	12	16	11	23
256508	Z284	14	25	16	10	10	13	11	17	19	14	20	12	16	11	23
389586	Z284	14	24	15	11	10	14	11	16	15	14	20	12	16	11	23
326059	Z284	14	25	16	11	10	13	11	16	15	14	20	11	15	11	24
361514	Z93	11	24	16	10	10	12	11	18	16	14	20	11	16	11	23
40651	Z93	12	25	16	10	10	13	11	17	14	14	20	11	14	11	23
N114654	Z93	12	25	16	10	10	13	11	17	15	14	20	11	14	11	23
M7180	Z93	12	25	16	11	10	13	11	18	15	15	20	12	17	11	23
195023	Z93	12	23	16	11	10	13	11	16	16	14	20	11	15	11	25
N9119	Z93	12	24	16	11	10	13	11	17	16	14	20	10	15	11	23
M8143	Z93	13	25	16	10	11	13	11	17	15	15	20	11	16	11	23
312482	Z93	13	25	16	11	10	13	11	19	15	14	20	12	15	11	23
188931	Z93	13	24	15	11	10	13	11	17	14	14	20	11	16	11	23
270141	Z93	13	23	15	11	10	14	11	18	15	14	20	11	16	11	23
181512	Z93	13	22	15	11	10	14	11	18	16	14	20	11	16	11	23
106946	Z93	13	22	15	11	10	14	11	18	16	14	20	11	16	11	23
48908	Z93	13	25	15	11	10	13	11	17	16	14	20	12	15	11	23
B101352	Z93	13	25	15	11	10	13	11	17	15	14	21	11	15	10	23
H1227	Z93	13	25	16	11	10	13	11	17	15	14	21	11	15	10	24
312265	Z93	13	25	16	11	10	13	11	17	15	14	21	11	15	10	23
217462	Z93	13	25	16	11	10	13	11	17	15	14	21	11	15	10	23
491032	Z93	13	25	16	11	10	13	11	18	15	14	21	11	15	10	23
372511	Z93	13	25	16	11	10	13	11	17	16	14	21	11	15	10	23
281885	Z93	13	25	16	11	10	13	11	17	16	14	21	11	15	10	23
177151	Z93	13	25	16	11	10	13	11	17	16	14	21	11	15	10	23
164190	Z93	13	25	16	11	11	13	11	17	16	14	21	11	15	10	23
147177	Z93	13	25	16	11	10	13	11	17	16	14	21	11	15	10	23
270082	Z93	13	25	16	11	10	13	11	17	16	14	21	11	15	10	23
275672	Z93	13	24	16	11	10	13	11	17	16	14	20	11	15	11	23
234858	Z93	13	25	15	11	10	13	11	17	15	14	20	12	14	11	23
M7171	Z93	13	25	15	11	10	13	11	17	15	14	20	12	15	11	23
N39147	Z93	13	24	17	10	10	13	10	18	15	14	22	12	15	11	23
348987	Z93	13	25	15	10	10	13	11	17	16	14	20	11	16	11	23
M6710	Z93	13	26	15	11	10	13	11	17	18	14	20	12	15	11	22
197670	Z93	13	25	16	10	10	13	11	18	16	14	20	11	16	11	24
M7001	Z93	13	25	16	10	10	13	11	16	15	14	20	11	15	11	23
M11496	Z93	13	25	17	11	10	13	11	17	14	14	20	11	16	11	23
M7419	Z93	13	24	17	11	10	13	11	17	14	14	20	11	16	11	23
326263	Z93	13	25	17	11	10	13	11	17	14	14	20	11	16	11	23
M7176	Z93	13	25	15	10	10	14	11	18	16	14	20	12	15	11	23
335663	Z93	13	25	15	10	10	14	11	18	16	14	20	12	16	11	23
M8899	Z93	13	25	15	10	9	14	11	19	17	14	20	10	15	11	23
210881	Z93	13	25	15	10	10	14	13	18	16	15	20	12	17	9	23
M7670	Z93	13	25	15	11	10	14	11	18	15	14	19	11	15	9	23
M8088	Z93	13	26	15	10	10	14	11	18	17	14	21	12	15	11	24
N12617	Z93	13	25	17	10	12	14	11	17	17	14	20	11	15	11	23
M11025	Z93	13	26	17	10	11	13	11	17	17	14	20	12	15	11	23
271003	Z93	13	25	16	10	10	13	10	18	15	14	20	12	16	11	23
392622	Z93	13	25	15	11	10	13	11	17	16	14	20	12	15	11	23
M7443	Z93	13	25	16	11	11	14	11	18	16	14	20	13	15	11	23
234103	Z93	13	24	15	11	11	13	11	18	16	14	20	12	15	11	23
M9141	Z93	13	24	15	11	11	13	11	17	16	14	20	12	15	11	23
M8712	Z93	13	24	16	11	10	13	11	18	16	14	20	12	15	11	23
M11616	Z93	13	25	15	10	10	13	11	18	16	14	20	12	15	11	23
350352	Z93	13	25	16	10	10	13	11	18	15	14	20	11	15	11	23
324776	Z93	13	25	16	10	10	13	11	18	15	14	20	11	15	11	23
307201	Z93	13	25	16	10	10	13	11	18	15	14	20	11	15	11	23
M6740	Z93	13	25	16	11	10	13	11	19	17	14	20	11	15	11	23
112208	Z93	13	25	17	10	10	13	11	18	15	14	20	12	15	11	23
ML1031	Z93	13	25	13	11	10	14	11	15	15	14	20	11	15	11	23
277391	Z93	13	25	16	11	10	13	11	18	15	14	21	12	15	11	24
414205	Z93	13	25	17	11	10	13	11	17	16	14	20	10	15	11	23
411934	Z93	13	25	17	11	10	13	11	17	16	14	21	12	15	11	23
333085	Z93	13	25	17	12	10	12	11	17	18	14	20	11	16	11	23
312280	Z93	13	25	17	11	10	13	11	17	16	14	20	11	15	11	23
349196	Z93	13	25	16	11	10	13	11	18	16	14	20	12	15	11	23
M8466	Z93	13	25	16	11	10	13	11	18	14	14	20	12	16	11	24
M8458	Z93	13	25	16	11	10	13	11	18	14	14	20	12	16	11	24
B1000	Z93	13	25	16	10	10	14	11	16	15	14	20	10	15	10	23
202574	Z93	13	25	16	10	10	14	11	16	15	14	20	11	16	11	23
544365	Z93	13	25	16	11	10	13	11	17	15	14	19	12	15	11	23
202698	Z93	13	25	16	10	10	13	11	18	14	14	20	12	15	11	23
444684	Z93	13	24	15	11	10	13	11	18	15	14	20	11	16	11	23
179005	Z93	13	24	15	11	10	13	11	18	15	14	20	12	16	11	23
20195	Z93	13	25	16	10	10	13	11	16	14	14	20	11	14	11	23
242077	Z93	13	25	16	10	10	13	11	16	14	14	20	11	14	11	23
490869	Z93	13	25	16	10	10	13	11	17	14	14	20	11	14	11	23
66131	Z93	13	25	16	10	10	13	11	17	14	14	20	11	14	11	23
328481	Z93	13	25	16	10	10	13	11	17	14	14	20	10	14	11	23
312014	Z93	13	25	16	10	10	13	11	17	14	14	20	11	14	11	23
E8895	Z93	13	25	15	10	10	13	11	17	14	14	20	12	14	11	23
196865	Z93	13	25	16	10	10	13	11	17	14	14	20	11	14	11	23
374699	Z93	13	25	16	10	10	13	11	17	14	14	20	11	14	11	23
207748	Z93	13	24	16	10	10	14	11	17	14	14	20	11	14	11	23
250988	Z93	13	24	16	11	10	13	11	17	14	14	20	11	14	11	23
174958	Z93	13	25	16	10	10	13	11	17	14	14	20	11	14	11	23
233761	Z93	13	25	16	10	10	13	11	17	14	14	20	11	13	11	23
195398	Z93	13	25	16	10	10	13	11	17	14	14	20	11	14	12	23
N107659	Z93	13	25	16	10	10	13	11	17	14	14	20	11	14	11	23
241703	Z93	13	25	16	10	10	13	11	17	15	14	20	11	14	11	23
B8401	Z93	13	25	16	10	10	13	11	17	14	14	20	11	14	11	23
251578	Z93	13	25	15	10	10	13	11	17	14	14	20	11	14	11	23
245262	Z93	13	25	15	10	10	13	11	17	14	14	20	11	14	11	23
6422	Z93	13	25	16	10	10	13	11	17	14	14	20	11	15	11	23
135285	Z93	13	25	16	10	10	13	11	17	14	14	20	11	14	11	23
313604	Z93	13	25	15	10	10	13	11	16	14	14	20	11	14	11	23
B6350	Z93	13	25	15	10	10	13	11	16	14	14	20	11	14	11	23
313742	Z93	13	25	15	10	10	13	11	16	14	14	20	11	14	11	23
44958	Z93	13	25	16	10	10	13	11	16	14	14	20	11	14	11	23
94362	Z93	13	25	15	10	10	13	11	16	14	14	20	11	14	11	23
107789	Z93	13	25	16	10	10	13	11	16	14	14	20	11	14	11	23
N103033	Z93	13	25	15	10	10	13	11	16	14	14	20	11	14	11	23
N129889	Z93	13	25	16	10	10	13	11	16	14	14	21	11	14	11	23
322774	Z93	13	25	16	10	10	13	11	16	14	14	20	11	14	11	23
139431	Z93	13	24	16	10	10	13	11	18	14	14	20	11	14	11	23
223394	Z93	13	25	16	10	10	13	11	17	14	14	20	11	14	11	23
144477	Z93	13	25	16	10	10	13	11	17	14	14	20	11	14	11	23
248865	Z93	13	25	16	10	10	13	11	17	14	15	20	11	14	11	23
N22757	Z93	13	25	16	10	10	13	11	17	14	14	20	11	14	11	23
319586	Z93	13	24	16	10	10	13	11	17	14	14	20	11	14	11	23
288077	Z93	13	25	16	10	10	13	11	17	14	14	20	11	14	11	23
55964	Z93	13	25	16	10	10	13	11	17	13	14	20	11	15	11	23
114167	Z93	13	25	17	10	10	13	11	17	15	14	20	11	14	11	23
18479	Z93	13	25	16	10	10	13	11	17	15	14	20	11	15	11	23
317372	Z93	13	25	16	10	10	13	11	17	15	14	20	11	14	11	23
103648	Z93	13	25	16	10	10	13	11	17	15	14	20	11	14	11	23
247253	Z93	13	25	16	10	10	13	11	17	14	14	20	11	14	11	23
N114385	Z93	13	25	16	10	10	13	11	17	14	14	20	11	14	11	23
49666	Z93	13	24	16	10	10	13	11	17	14	14	20	11	14	11	23
9076	Z93	13	25	16	10	10	13	11	17	14	14	20	11	14	11	23
65218	Z93	13	25	16	10	10	13	11	17	14	14	20	11	14	11	23
251286	Z93	13	26	16	10	10	13	11	17	14	14	20	11	15	11	23
B2875	Z93	13	25	16	10	10	13	11	17	14	14	20	11	14	11	23
211571	Z93	13	25	16	10	10	13	11	17	14	14	20	11	14	11	23
249519	Z93	13	25	16	10	10	13	11	17	14	14	20	11	14	11	23
122719	Z93	13	24	16	10	10	13	11	17	14	14	20	11	14	11	23
344795	Z93	13	25	16	10	10	13	11	16	14	14	20	11	14	11	23
167413	Z93	13	25	16	10	10	13	11	17	14	14	20	10	14	11	23
323808	Z93	13	25	16	10	10	13	11	17	14	14	20	11	14	11	23
231989	Z93	13	25	16	10	10	13	11	17	14	14	20	11	14	11	23
43703	Z93	13	25	16	10	10	13	11	17	14	14	20	11	15	11	23
296941	Z93	13	24	16	10	10	13	11	17	14	14	20	11	14	11	23
225854	Z93	13	25	16	10	10	13	11	17	14	14	20	11	14	11	23
225855	Z93	13	25	16	10	10	13	11	17	14	14	20	11	14	11	23
190924	Z93	13	25	16	10	10	13	11	17	14	14	20	11	14	11	23
131076	Z93	13	24	15	10	10	14	11	17	14	14	20	11	14	11	23
331758	Z93	13	24	16	10	10	13	11	17	14	14	20	11	14	11	23
177379	Z93	13	24	15	10	10	13	11	17	14	14	20	11	14	11	23
51684	Z93	13	24	16	10	10	13	11	17	14	14	20	11	14	11	23
281126	Z93	13	25	15	10	10	13	11	17	14	14	20	11	14	11	23
2805	Z93	13	25	16	10	10	13	11	17	14	14	20	11	14	11	23
324582	Z93	13	25	16	10	10	13	11	17	14	14	20	11	14	11	23
305072	Z93	13	25	15	10	10	13	11	16	14	14	20	11	14	11	23
237547	Z93	13	25	15	10	10	13	11	17	14	14	20	11	14	11	23
N60182	Z93	13	25	15	10	10	13	11	17	14	14	20	11	14	11	23
71175	Z93	13	25	15	10	10	13	11	17	14	14	20	11	14	11	23
161748	Z93	13	25	16	10	10	13	11	16	14	14	20	11	14	11	23
374284	Z93	13	25	16	10	10	13	11	17	14	14	20	11	14	11	23
333636	Z93	13	25	16	10	10	13	11	17	14	14	20	11	14	11	23
305131	Z93	13	25	16	10	10	13	11	17	14	14	20	11	14	11	23
587995	Z93	13	25	16	10	10	13	11	17	14	14	20	11	15	11	23
119944	Z93	13	25	16	10	10	13	11	17	14	14	20	11	14	11	23
250723	Z93	13	25	16	10	10	13	11	17	14	14	20	11	14	11	23
232634	Z93	13	25	16	10	10	13	11	17	14	14	20	11	14	11	23
171380	Z93	13	25	16	10	10	13	11	17	14	14	20	11	14	11	23
94707	Z93	13	25	16	10	10	13	11	17	15	14	20	11	14	11	23
319467	Z93	13	25	16	10	10	13	11	17	14	14	20	11	15	11	23
233086	Z93	13	25	17	10	10	13	11	17	14	14	20	11	14	11	23
279725	Z93	13	25	17	10	10	13	11	17	14	14	20	11	14	11	23
158657	Z93	13	25	15	11	10	14	11	17	17	14	20	12	16	11	23
50283	Z93	13	24	15	11	10	13	11	18	16	14	20	12	15	11	23
82376	Z93	13	24	15	11	10	13	11	18	16	14	20	12	15	11	23
294904	Z93	13	24	16	11	10	13	11	18	16	14	20	13	15	11	23
373173	Z93	13	25	16	11	10	14	11	17	15	14	19	12	15	11	23
116213	Z93	13	24	16	11	10	13	11	17	16	14	20	11	17	11	23
295213	Z93	13	25	16	11	10	13	11	18	16	14	20	11	15	12	23
B1139	Z93	13	25	15	10	10	13	11	18	15	14	20	11	15	11	23
345661	Z93	13	25	16	11	11	13	11	17	15	14	20	11	15	11	23
209438	Z93	13	24	15	11	10	13	11	18	15	14	20	11	15	11	23
M6280	Z93	13	25	17	11	10	13	11	17	14	14	20	11	15	11	23
M8586	Z93	13	25	17	11	10	13	11	17	14	14	20	11	15	11	23
415879	Z93	13	25	17	11	10	13	11	17	14	14	20	11	15	11	23
M10513	Z93	13	24	15	11	11	14	11	18	15	14	20	11	15	11	23
E23655	Z93	13	25	15	10	10	13	11	17	16	14	20	11	14	11	23
57291	Z93	13	26	15	10	10	13	11	18	15	14	20	11	16	11	23
173843	Z93	13	23	17	11	10	14	11	18	16	14	20	11	16	11	23
431158	Z93	13	23	17	11	10	14	11	18	16	14	20	11	16	11	23
717869	Z93	13	24	17	11	10	13	11	18	17	14	19	11	16	11	23
179759	Z93	13	25	15	11	10	14	11	18	15	14	21	11	15	11	23
179760	Z93	13	25	15	11	10	13	11	17	15	14	21	11	15	11	23
174777	Z93	13	25	15	11	10	13	11	17	15	14	21	11	15	11	23
177947	Z93	13	25	15	11	10	13	11	17	15	14	21	11	15	11	23
312832	Z93	13	25	15	11	10	14	11	18	15	14	21	11	15	11	23
M11002	Z93	13	26	16	11	11	13	11	20	15	14	20	11	16	11	23
193912	Z93	13	25	16	10	10	13	12	17	16	14	20	11	15	11	23
287341	Z93	13	25	16	11	10	13	11	16	15	14	20	11	15	11	23
184336	Z93	13	23	16	11	10	13	11	17	15	14	20	12	15	11	25
N49878	Z93	13	24	16	11	10	13	11	17	15	14	20	12	15	11	24
273822	Z93	13	24	16	11	10	13	11	18	15	14	20	11	15	11	23
B49476	Z93	13	24	17	11	10	13	11	18	15	14	20	11	15	11	23
221184	Z93	13	25	17	11	10	13	11	17	15	14	20	11	16	11	23
239987	Z93	13	25	15	11	10	13	11	18	15	14	20	11	15	11	23
314758	Z93	13	25	17	11	11	13	11	17	15	14	19	12	15	11	23
M9514	Z93	13	25	17	11	11	13	11	17	15	14	19	12	15	11	23
300262	Z93	13	25	16	11	10	13	11	17	15	14	19	11	15	11	23
263725	Z93	13	25	16	11	10	13	11	17	15	14	19	11	16	11	23
N51951	Z93	13	25	16	10	10	13	11	17	15	14	19	11	16	11	23
N3982	Z93	13	25	16	11	10	12	11	17	15	14	19	11	15	11	23
N83118	Z93	13	25	16	11	10	13	11	17	15	14	19	11	16	11	23
515351	Z93	13	26	15	11	10	14	11	18	15	14	19	12	15	11	23
M6982	Z93	13	24	16	11	10	13	11	16	14	14	20	11	16	11	23
160271	Z93	13	25	16	10	10	13	11	16	15	14	20	11	17	11	23
M7059	Z93	13	25	16	11	10	13	11	16	15	14	20	11	16	11	23
M7013	Z93	13	26	16	10	10	13	11	16	15	14	20	11	16	11	23
M8568	Z93	13	25	16	11	10	13	11	18	15	15	20	12	18	11	23
13091	Z93	13	24	15	11	10	12	11	17	16	14	20	12	16	11	23
235754	Z93	13	25	16	10	10	13	11	16	14	14	20	11	16	11	23
B5766	Z93	13	25	16	11	10	12	11	18	15	14	20	10	16	11	23
209969	Z93	13	26	16	10	10	13	11	17	15	14	20	12	15	11	23
359531	Z93	13	25	15	10	9	14	11	17	15	14	20	12	16	11	23
518729	Z93	13	25	16	11	10	12	11	19	14	13	20	11	16	11	23
257286	Z93	13	25	16	11	10	13	11	16	15	14	20	11	16	11	23
103319	Z93	13	25	16	11	10	12	11	19	16	14	20	11	14	11	23
180380	Z93	13	25	15	11	10	13	11	16	14	14	20	11	16	11	23
M7015	Z93	13	25	16	11	10	13	11	16	15	14	20	12	15	11	23
M7262	Z93	13	26	17	11	10	13	11	16	15	14	20	12	16	11	23
636755	Z93	13	25	16	10	10	12	11	18	16	14	20	11	16	11	23
B5513	Z93	13	24	15	10	10	13	11	16	16	14	20	10	18	12	23
135081	Z93	13	23	16	11	12	13	11	18	15	14	20	11	16	11	23
152829	Z93	13	24	16	10	12	13	11	17	15	14	20	11	16	11	23
186813	Z93	13	24	16	11	12	12	11	18	15	14	20	11	16	11	23
186124	Z93	13	24	16	11	12	13	11	18	15	14	20	11	15	11	23
246667	Z93	13	24	16	11	12	13	11	18	15	14	20	11	16	11	23
242771	Z93	13	25	16	11	10	13	11	18	16	14	20	12	15	11	23
M7432	Z93	13	24	16	10	10	14	14	18	15	14	20	12	16	11	23
174584	Z93	13	24	15	10	10	13	11	17	15	14	20	11	15	11	23
M8716	Z93	13	24	15	10	10	13	11	17	15	14	21	12	16	11	23
164862	Z93	13	25	17	11	10	13	11	16	15	14	20	11	15	11	23
M7274	Z93	13	25	16	11	10	13	11	17	16	14	20	11	17	11	23
N77532	Z93	13	24	16	10	11	13	11	17	16	14	20	11	17	11	23
H1483	Z93	13	25	16	10	10	13	11	18	16	14	20	11	15	11	23
M9802	Z93	13	25	15	11	10	13	11	17	16	15	20	12	15	11	23
B161405	Z93	13	25	16	10	10	12	11	17	15	14	20	12	16	11	23
306446	Z93	13	25	16	11	10	13	11	18	15	14	20	12	16	11	23
B2586	Z93	13	25	16	11	10	12	11	18	16	14	20	11	15	11	23
M6851	Z93	13	25	16	10	10	13	11	18	16	14	20	11	16	11	23
M6698	Z93	13	25	16	10	10	13	11	18	16	14	20	11	16	11	23
M6853	Z93	13	25	16	10	10	13	11	18	16	14	20	11	16	11	23
M6699	Z93	13	25	16	10	10	13	11	18	16	14	20	11	16	11	23
M6132	Z93	13	25	15	10	10	13	11	16	15	14	20	11	16	11	23
N101746	Z93	13	25	16	10	10	13	11	18	15	14	20	12	16	11	23
278187	Z93	13	25	17	10	10	13	11	17	16	14	20	11	15	11	23
M9055	Z93	13	25	15	11	10	13	11	17	16	14	19	12	15	11	23
M7751	Z93	13	25	16	11	10	13	11	17	15	14	20	12	16	11	23
M7260	Z93	13	24	16	11	10	13	11	17	19	14	20	12	16	11	23
561862	Z93	13	25	16	11	10	13	11	17	15	14	19	12	16	11	23
M12357	Z93	13	25	16	11	10	13	11	17	16	14	20	12	15	11	23
B1611	Z93	13	25	16	10	11	13	11	17	16	14	20	12	15	12	24
92134	Z93	14	25	15	11	10	14	11	16	15	14	21	10	16	11	23
221419	Z93	14	24	16	10	10	13	11	17	16	14	20	11	16	11	23
M7041	Z93	14	25	15	11	10	13	11	16	16	14	19	12	15	11	24
492739	Z93	14	25	15	11	10	13	11	16	16	14	19	12	15	11	25
566380	Z93	14	24	16	11	10	13	11	16	16	14	20	12	17	10	23
270161	Z93	14	25	16	11	10	13	11	16	15	14	20	12	16	11	22
348692	Z93	14	25	16	11	10	13	11	18	16	14	20	12	15	11	23
B1340	Z93	14	26	16	12	12	13	11	18	15	14	20	12	15	11	23
118967	Z93	14	24	15	11	10	13	11	18	15	14	19	11	15	11	23
B2982	Z93	14	25	15	11	10	13	12	18	16	14	20	10	15	11	23
148160	Z93	14	24	16	11	11	13	11	18	15	14	20	11	15	12	23
223765	Z93	14	25	17	11	10	13	12	18	15	14	20	11	15	11	23
240102	Z93	14	25	15	11	12	15	11	17	15	14	20	11	15	11	24
204910	Z93	14	24	16	10	10	13	11	18	15	14	20	12	15	11	23
N140673	Z93	14	25	16	11	10	13	12	17	15	14	20	13	15	12	24
N13219	Z93	14	25	17	11	10	13	11	18	16	14	20	11	16	12	23
M8913	Z93	14	25	16	11	11	12	11	17	16	14	19	13	16	11	23
M8448	Z93	14	25	16	11	11	13	11	17	16	14	20	12	16	11	23
M8096	Z93	14	25	15	11	10	13	11	18	15	14	20	11	16	11	23
