Kit Number	Haplogroup	A	B	C	D	E	F	G	H	I	J	K	L	M	N	O	P	Q	R
HONF	???	13	24	16	11	12	13	11	19	16	15	20	31	10	10	15	18	18	10
117308	Y18331	13	24	17	11	13	13	11	18	16	15	20	33	10	10	15	17	18	10
493284	Y18331	13	24	16	11	12	13	11	18	17	15	20	33	10	10	15	18	16	10
5959	Y18331	13	24	15	11	13	13	11	18	17	15	20	32	10	10	15	18	16	10
N58983	Y18331	13	24	15	11	13	13	11	18	17	15	20	32	10	10	15	18	16	10
N74612	Y18331	13	24	16	11	13	13	11	19	18	15	20	32	10	9	15	18	16	10
426964	Y18331	13	24	17	11	13	13	11	18	18	15	20	31	10	10	14	19	16	10
211949	Y18331	13	24	16	11	12	13	11	18	18	15	20	31	10	10	14	18	16	10
15948	Y18331	13	24	16	11	13	13	11	18	18	15	20	31	10	10	14	19	17	10
97392	Y18331	13	24	16	11	13	13	11	18	19	15	20	31	10	10	14	17	16	10
386075	Y18331	13	24	16	11	13	13	11	19	18	15	20	31	10	10	14	19	16	10
136439	Y18331	13	24	16	11	13	13	11	17	18	15	20	31	10	10	14	19	16	10
4605	Y18331	13	24	16	11	13	13	11	18	18	15	20	32	10	10	14	19	16	10
640451	Y18331	13	23	16	11	13	13	11	18	17	15	20	33	10	10	15	19	16	10
N80837	Y18331	13	24	16	11	12	13	11	17	17	15	20	32	10	10	15	19	17	10
54093	Y18331	13	24	16	12	13	13	11	17	16	15	20	33	10	10	15	18	16	10
276792	Y18331	13	24	16	12	13	13	11	17	18	15	20	32	10	10	15	19	16	10
473866	S17250*	13	24	15	10	13	13	11	18	17	15	20	32	10	11	15	19	18	10
330061	S17250*	13	24	15	11	13	13	11	19	17	15	20	34	10	10	15	18	18	10
275156	S17250*	13	25	15	11	12	13	11	19	18	16	20	32	10	10	15	18	18	10
460584	S17250*	13	24	16	11	13	12	11	18	17	15	20	31	10	9	15	17	17	10
343198	S17250*	13	25	16	11	13	13	11	18	17	16	20	32	10	10	15	18	18	10
213694	S17250*	13	24	16	10	13	13	11	19	17	15	20	31	10	10	15	18	18	10
267067	S17250*	13	24	16	11	13	13	11	19	18	15	20	31	10	10	15	18	18	10
408657	Z16971	13	24	15	11	12	13	11	18	17	15	20	33	10	10	15	18	17	10
292855	Z16971	13	24	15	11	13	13	11	17	16	15	20	33	10	10	15	19	18	10
428269	Z16971	13	24	16	10	12	13	11	18	17	15	20	34	10	10	14	18	18	10
369962	Z16971	13	24	16	10	13	13	11	18	17	16	20	32	10	2	15	18	20	10
110752	Z16971	13	24	16	11	14	13	11	19	16	15	20	30	9	10	16	18	18	10
B24335	Z16971	13	24	16	11	13	13	11	17	17	15	20	31	10	10	15	18	18	10
420218	Z16971	13	24	16	11	13	13	11	18	16	15	20	32	10	10	15	18	20	10
623695	Z16971	13	24	16	11	13	13	11	18	17	15	20	32	10	10	15	18	19	10
212390	Z16971	13	24	16	11	14	13	11	19	17	14	20	31	10	10	15	19	18	10
362805	Z16971	13	24	16	11	12	14	11	17	16	14	20	32	10	10	15	17	18	10
N30589	Z16971	13	24	16	11	13	13	11	18	17	15	20	32	10	10	15	18	18	10
280968	Z16971	13	24	17	11	12	13	11	18	17	15	20	32	10	10	15	18	18	10
189315	Z16971	13	24	17	11	13	13	11	18	17	15	20	31	10	10	15	18	19	10
325148	Z16971	13	24	17	12	11	13	11	18	16	15	20	31	10	10	15	18	19	10
N113632	Z16971	13	25	16	11	12	13	11	18	17	15	20	34	10	10	15	19	18	10
120391	Z16971	14	25	15	11	12	13	11	18	17	15	20	32	10	10	15	18	18	10
N38227	Z16971	13	24	15	11	12	13	11	18	16	15	20	31	10	10	16	18	18	10
131415	Z16971	13	24	15	11	13	13	11	18	16	15	20	31	10	10	15	18	18	10
296649	Z16971	13	23	16	10	13	13	11	18	17	15	20	32	10	10	15	18	18	10
256403	Z16971	13	24	16	10	12	13	11	18	17	15	20	31	10	10	15	17	18	10
426210	Z16971	13	24	16	11	12	13	11	17	18	15	20	32	11	10	15	18	19	10
344537	Z16971	13	24	16	11	12	13	11	18	17	15	20	32	10	10	15	19	18	10
293679	Z16971	13	24	16	11	13	13	11	17	17	15	20	32	10	10	15	18	19	10
2275	Z16971	12	24	16	11	12	13	10	18	17	15	20	32	10	10	16	18	18	10
255496	Z16971	13	23	16	11	13	13	11	19	17	15	20	33	10	10	15	17	17	10
562839	Z16971	13	24	16	11	12	13	11	16	17	15	19	32	10	10	16	19	18	10
160065	Z16971	13	24	16	11	12	13	11	18	17	15	20	31	10	10	15	18	18	10
858322	Z16971	13	24	16	11	13	13	11	18	16	15	20	31	10	10	15	18	18	10
280194	Z16971	13	23	15	11	12	13	11	20	17	15	20	31	10	10	16	18	20	10
267765	Z16971	13	23	16	11	12	13	11	20	17	15	20	33	10	10	15	17	19	10
333648	Z16971	13	23	16	11	12	13	11	20	17	15	20	31	10	10	15	18	19	10
486635	Z16971	13	24	16	11	12	13	11	19	17	15	20	33	10	10	15	19	16	10
294253	Z16971	13	25	16	11	13	13	11	18	17	15	20	32	10	10	15	18	18	10
799943	Z16971	13	23	16	10	12	13	11	18	17	15	20	32	10	10	15	18	18	10
439375	PH908	11	24	15	10	12	12	11	18	18	15	20	30	9	10	15	19	18	10
352896	PH908	13	23	15	11	12	13	11	17	18	15	20	30	10	10	15	17	17	10
765172	PH908	13	23	16	11	12	13	11	17	16	15	19	30	10	10	15	19	18	10
191801	PH908	13	24	15	10	12	12	11	19	18	15	19	29	10	11	15	18	18	10
E16446	PH908	13	24	15	10	12	13	11	18	17	15	19	30	10	10	15	18	19	10
B95904	PH908	13	24	15	11	11	13	11	18	16	15	19	30	10	10	15	18	17	10
628012	PH908	13	24	15	11	12	13	11	18	18	15	19	30	11	10	15	18	18	10
B6480	PH908	13	24	15	11	12	14	11	18	18	15	19	30	10	9	15	18	19	10
E8115	PH908	13	24	15	11	13	13	11	19	18	15	19	29	10	10	15	18	18	10
N16360	PH908	13	24	16	10	12	12	11	18	18	15	19	29	10	11	15	18	18	10
165529	PH908	13	24	16	10	14	13	11	18	17	15	19	29	10	10	15	17	18	10
233526	PH908	13	24	16	10	13	13	11	18	18	15	19	29	10	10	15	18	19	10
271539	PH908	13	24	16	11	12	13	11	18	19	15	19	28	11	10	15	18	19	10
297645	PH908	13	24	16	11	10	13	11	19	18	15	19	30	10	10	15	18	17	10
350462	PH908	13	24	16	11	13	13	11	18	18	15	19	30	10	10	15	18	17	10
301861	PH908	13	24	16	11	11	13	11	20	18	15	19	30	10	10	15	17	17	10
493004	PH908	13	24	16	11	12	13	11	17	17	15	19	30	10	10	15	18	19	10
156382	PH908	13	24	16	11	12	13	11	17	16	15	19	30	10	10	15	18	17	10
328720	PH908	13	24	16	11	12	13	11	17	17	15	19	29	10	10	15	18	17	10
E9013	PH908	13	24	16	11	12	13	11	17	17	15	19	31	10	10	15	17	18	10
368356	PH908	13	24	16	11	12	13	11	17	18	15	19	31	10	10	15	18	18	10
156890	PH908	13	24	16	11	12	13	11	18	17	15	19	30	10	11	16	17	17	10
E21286	PH908	13	24	16	11	12	13	11	18	17	15	19	30	10	10	15	16	18	10
676554	PH908	13	24	16	11	12	13	12	18	18	15	18	30	10	10	15	18	18	10
N172996	PH908	13	24	16	11	13	13	11	17	16	15	19	31	10	10	15	20	19	10
538261	PH908	13	24	16	11	13	13	11	17	18	15	19	30	10	10	15	19	18	10
N21195	PH908	13	24	16	11	13	13	11	17	18	15	19	30	10	9	15	17	19	10
160768	PH908	13	24	16	11	13	13	11	18	17	15	19	31	10	10	15	18	18	10
284218	PH908	13	24	16	11	13	13	11	18	17	15	19	30	10	10	15	18	19	10
236133	PH908	13	24	16	11	13	13	11	18	17	15	19	30	10	10	15	18	21	10
583317	PH908	13	24	16	11	13	13	11	18	18	15	19	30	10	10	15	17	18	10
156139	PH908	13	24	16	11	13	13	11	18	18	15	19	30	10	10	15	18	18	10
N21177	PH908	13	24	16	11	13	13	11	19	18	15	19	29	10	10	15	19	18	10
295667	PH908	13	24	16	11	13	13	11	19	19	15	19	30	10	10	15	19	18	10
569801	PH908	13	24	16	11	13	14	11	18	17	15	19	30	10	10	15	18	18	10
N54950	PH908	13	24	16	11	13	14	11	18	17	15	19	30	10	10	15	19	18	10
184580	PH908	13	24	16	11	13	14	11	19	17	15	19	29	10	10	16	17	18	10
N80987	PH908	13	24	16	11	12	13	11	18	17	14	19	30	10	10	15	18	18	10
191615	PH908	13	24	16	11	13	13	11	18	16	15	19	31	10	10	15	18	18	10
253194	PH908	13	24	16	11	14	12	11	18	17	15	19	30	10	10	15	18	19	10
250003	PH908	13	24	16	11	13	14	11	19	17	15	19	29	10	9	16	18	18	10
366675	PH908	13	24	17	11	13	14	11	17	17	15	19	29	10	10	16	18	18	10
N140468	PH908	13	24	17	11	13	13	11	17	18	15	19	29	10	10	15	19	19	10
339503	PH908	13	24	17	11	13	13	11	18	18	15	19	29	10	10	16	18	19	10
N62021	PH908	13	24	17	9	12	13	11	19	17	15	19	30	10	10	15	18	18	10
290293	PH908	13	26	15	11	12	13	11	18	17	15	19	30	10	10	15	17	19	10
527618	PH908	14	24	16	11	12	13	11	16	18	15	19	29	10	10	16	18	19	10
IN35698	PH908	14	24	16	11	12	13	11	17	18	15	19	29	10	10	15	19	18	10
253716	PH908	14	25	15	11	13	13	11	18	18	15	19	29	10	10	15	19	18	10
488525	PH908	13	24	15	11	11	13	11	18	17	15	19	29	10	10	15	18	18	10
317557	PH908	13	24	16	11	11	13	11	18	20	15	19	30	10	10	15	17	18	10
MI14574	PH908	13	24	15	11	13	13	11	18	18	15	19	29	10	10	15	20	18	10
216498	PH908	13	24	17	11	14	13	12	18	17	15	19	32	10	10	15	18	18	10
178725	PH908	13	23	16	10	13	13	11	18	17	15	19	31	10	10	15	18	18	10
164573	PH908	13	24	15	11	14	13	11	18	17	15	19	30	10	10	15	19	17	10
N76387	PH908	13	24	16	10	12	13	11	17	16	15	19	31	10	10	15	20	18	10
365896	PH908	13	24	16	10	12	13	11	18	18	15	19	30	10	10	15	18	18	10
163544	PH908	13	24	16	10	13	13	11	18	17	15	19	31	10	10	15	18	19	10
345403	PH908	13	24	16	10	14	13	11	18	16	15	19	30	10	10	16	18	18	10
349845	PH908	13	24	16	10	13	12	11	18	17	15	19	30	10	10	15	17	18	10
215808	PH908	13	24	16	11	12	13	11	17	17	15	19	29	10	10	15	18	18	10
225919	PH908	13	24	17	10	13	13	11	19	17	15	19	30	11	10	15	18	18	10
IN26344	PH908	13	24	17	11	12	13	11	18	17	14	19	29	10	10	15	18	18	10
105779	PH908	13	25	16	10	13	13	11	18	18	15	19	31	10	10	15	17	17	10
68320	PH908	13	23	15	10	13	13	11	18	17	15	19	28	10	10	15	18	18	10
B74248	PH908	13	24	15	10	12	13	11	18	17	15	19	29	10	10	15	18	18	10
349942	PH908	13	24	15	10	13	13	11	18	17	15	19	30	10	10	16	17	18	10
332972	PH908	13	24	15	10	13	13	11	18	17	15	19	30	10	10	15	17	20	10
469614	PH908	13	24	16	11	12	13	11	18	17	15	19	28	10	10	15	18	19	10
76814	PH908	13	24	16	11	13	13	11	18	18	15	19	30	10	10	15	18	18	10
463792	PH908	13	24	16	10	13	14	11	18	17	15	19	29	10	10	15	19	17	10
488524	PH908	13	24	16	11	12	13	11	18	17	14	19	30	10	10	15	18	18	10
355796	PH908	13	24	16	11	12	13	11	19	17	16	19	30	10	10	15	18	19	10
529774	PH908	13	24	16	11	13	13	11	17	16	15	19	30	10	10	15	18	19	10
508845	PH908	13	24	16	11	14	13	11	17	17	15	19	29	10	10	15	19	18	10
686758	PH908	13	24	14	11	13	13	11	18	17	15	19	32	10	10	15	18	18	10
288112	PH908	13	24	14	11	14	13	11	18	18	15	19	30	10	10	15	18	19	10
155988	Y4882	13	24	16	10	13	13	11	18	18	15	20	32	10	10	15	19	18	10
627129	Y4882	13	24	16	11	12	13	11	18	19	14	20	32	10	10	18	19	18	10
152909	Y4882	13	24	16	11	12	13	11	17	17	15	20	31	10	10	14	18	18	10
N68725	Y4882	13	24	16	11	12	13	11	18	17	15	20	31	10	10	15	18	17	10
644675	Y4882	13	24	16	11	13	13	11	18	16	15	20	31	10	10	14	19	18	10
344766	Y4882	13	24	16	11	13	13	11	18	18	15	20	32	10	10	15	17	19	10
643044	Y4882	13	24	16	11	13	13	11	18	18	15	20	33	10	11	16	18	18	10
300972	Y4882	13	24	16	11	14	13	11	18	18	15	20	32	10	10	15	17	17	10
131307	Y4882	13	24	16	11	12	13	11	18	17	15	20	33	10	10	15	18	15	10
160614	Y4882	13	24	16	11	14	13	11	18	17	15	20	32	10	10	15	18	17	10
690930	Y4882	13	24	16	11	14	13	11	17	17	15	20	31	10	10	15	18	19	10
338725	Y4882	13	24	17	11	12	13	12	18	19	15	20	31	10	10	15	17	20	10
B33608	Y4882	13	24	17	12	12	13	12	18	17	15	20	32	10	10	15	18	19	10
364659	Y4882	13	25	15	11	13	13	11	18	17	15	20	32	10	10	17	17	19	10
189326	Y4882	13	25	16	11	12	13	11	17	17	15	20	33	10	10	15	18	18	10
294212	Y4882	14	24	16	11	12	13	11	19	18	15	20	30	10	10	15	18	20	10
N89411	Y4882	14	24	17	11	13	13	11	18	17	15	20	34	10	10	15	18	18	10
344892	Y4882	14	24	17	11	13	13	11	18	17	15	20	34	11	10	15	19	18	10
180255	Y4882	14	25	16	11	12	13	11	18	17	15	20	34	10	10	15	18	18	10
109223	Y4882	13	24	15	11	12	13	11	18	18	15	20	33	10	10	15	18	17	10
358029	Y4882	13	24	16	11	13	13	11	17	18	15	20	33	10	10	15	18	19	10
189447	Y4882	13	24	15	11	13	13	11	18	17	15	20	31	10	10	15	18	18	10
280330	Y4882	13	24	16	11	12	13	11	18	18	15	20	32	10	10	15	19	18	10
507692	Y4882	13	24	16	11	12	14	11	17	17	15	20	32	10	10	15	19	18	10
377542	Y4882	13	24	16	11	13	13	11	17	18	15	20	33	10	10	14	18	19	10
237774	Y4882	13	24	16	11	14	13	11	18	18	15	20	32	10	11	15	19	16	10
AM13051	Y4882	13	24	17	10	13	13	11	18	17	15	21	32	10	10	15	18	19	10
145940	Y4882	13	24	17	11	13	13	11	18	16	15	20	33	10	10	15	19	18	10
336295	Y4882	13	25	16	11	13	13	11	18	17	15	20	32	10	10	15	18	18	10
E13120	Y4882	13	25	16	11	13	13	11	18	17	15	20	33	10	10	15	18	18	10
331921	Y4882	13	26	16	11	13	14	11	18	17	16	20	31	10	10	15	18	18	10
337432	Y4882	13	24	16	11	14	13	11	18	17	15	20	33	10	10	15	17	18	10
362501	Y4882	13	24	16	11	14	14	11	18	17	15	20	32	10	10	15	18	18	10
51460	Y4882	13	24	16	11	13	13	11	18	17	15	20	32	10	10	16	17	18	10
47365	Y4882	13	24	15	11	13	13	11	18	17	15	20	31	10	10	16	18	18	10
389729	Y4882	13	24	15	11	14	13	11	18	18	14	20	32	10	10	16	17	19	10
N94875	Y4882	13	24	16	10	13	13	11	17	18	15	20	32	10	10	15	19	18	10
626110	Y4882	13	24	15	11	12	13	11	19	17	15	20	32	10	10	15	17	19	10
418164	Y4882	13	24	16	11	12	13	11	18	17	15	20	33	10	10	15	18	20	10
316213	Y4882	14	24	16	11	13	13	11	18	17	15	20	32	11	10	15	19	17	10
131251	Y4882	14	24	16	11	13	13	11	19	17	15	20	32	11	10	15	18	17	10
N225896	Y4882	14	24	15	11	12	13	11	18	16	15	20	33	11	10	15	19	18	10
B161787	Y4882	14	24	15	11	13	13	11	18	16	15	20	33	10	10	15	18	18	10
185518	Y4882	13	23	15	11	13	13	11	31	18	16	20	32	10	10	15	18	18	10
466010	Y4882	14	24	15	11	13	13	11	18	17	15	20	34	10	10	15	18	18	10
520427	Y4882	14	24	16	10	13	13	11	18	18	15	20	33	10	10	15	18	18	10
N117657	Y4882	14	24	17	12	12	13	11	18	17	15	20	34	11	10	15	18	18	10
N75421	Y4460	13	24	14	10	14	13	11	18	17	15	20	32	11	10	15	19	18	10
392726	Y4460	13	24	14	11	13	13	11	18	18	15	20	32	10	10	15	18	18	10
604488	Y4460	13	24	15	10	14	13	11	18	17	15	20	31	10	10	15	18	18	10
643755	Y4460	13	24	15	11	13	13	11	18	16	15	20	33	10	10	15	18	18	10
309480	Y4460	13	24	16	11	12	13	11	18	18	15	20	32	10	10	15	18	18	10
182636	Y4460	13	24	16	11	12	13	11	20	18	15	20	32	10	10	15	19	17	10
N80474	Y4460	13	24	16	11	13	13	11	17	17	15	20	32	10	10	15	18	17	10
270574	Y4460	13	24	16	11	13	13	11	17	18	15	20	32	10	10	15	18	18	10
208340	Y4460	13	24	16	11	13	13	11	18	17	15	20	33	10	10	15	18	18	10
343565	Y4460	13	24	16	11	13	13	11	19	16	15	20	32	10	10	15	18	19	10
N126988	Y4460	13	24	16	11	13	13	11	19	16	15	20	32	10	10	15	19	19	10
402182	Y4460	13	24	16	11	13	13	11	19	18	15	20	31	10	10	15	18	17	10
493005	Y4460	13	24	16	11	13	13	11	20	16	15	20	32	10	10	15	18	19	10
520140	Y4460	13	24	16	12	13	13	11	17	18	14	20	32	10	10	15	19	18	10
189319	Y4460	13	24	15	10	12	13	11	18	17	15	20	32	10	10	15	18	18	10
380941	Y4460	13	24	15	10	12	13	11	18	17	15	20	31	10	10	15	17	18	10
238542	Y4460	13	24	15	11	13	13	11	17	16	15	20	31	10	10	15	18	17	10
N10243	Y4460	13	24	15	11	13	13	11	18	17	15	20	32	10	10	15	18	19	10
365215	Y4460	13	24	15	11	13	13	11	19	16	15	20	32	10	11	15	17	18	10
225598	Y4460	13	24	15	11	13	14	11	18	16	15	20	32	10	10	15	18	19	10
48861	Y4460	13	24	16	10	13	13	11	19	17	15	20	33	11	10	15	18	18	10
B1542	Y4460	13	24	16	10	13	14	11	18	17	15	20	32	9	10	15	18	19	10
116381	Y4460	13	24	16	10	13	14	11	19	17	15	20	28	10	10	17	18	18	10
321170	Y4460	13	24	16	10	14	13	11	18	17	14	20	32	11	10	15	18	18	10
324245	Y4460	13	24	16	11	13	13	11	17	17	15	20	31	11	10	15	19	17	10
192008	Y4460	13	24	16	11	13	14	11	18	17	15	20	33	10	10	15	17	18	10
662141	Y4460	13	24	16	11	12	13	11	18	18	15	20	33	10	10	15	18	18	10
300181	Y4460	13	24	16	11	13	13	11	18	18	15	20	32	10	10	15	19	18	10
E15592	Y4460	13	24	16	11	13	13	11	19	18	15	20	32	10	10	15	18	18	10
211017	Y4460	13	24	16	11	13	14	11	18	17	15	20	32	10	10	16	18	17	10
286363	Y4460	13	24	17	11	12	12	11	19	17	15	20	33	10	10	15	18	18	10
N45770	Y4460	13	24	17	11	13	13	11	20	17	15	20	32	10	10	15	18	18	10
235182	Y4460	14	24	16	11	13	13	11	19	17	15	20	32	10	10	15	18	19	10
B3139	Y4460	13	22	17	11	13	13	11	18	17	16	20	31	10	10	15	19	18	10
323933	Y4460	13	24	16	11	13	13	11	18	17	15	20	32	10	10	15	18	18	10
381121	Y4460	13	24	17	10	12	13	11	19	17	15	21	31	10	10	15	18	18	10
216083	Y4460	13	24	17	11	12	13	11	18	16	15	20	32	10	10	15	20	17	10
317737	Y4460	13	24	17	11	13	13	11	18	16	15	20	31	11	10	15	18	19	10
N43083	Y4460	13	25	17	10	13	13	12	18	15	15	20	30	10	10	15	18	18	10
278182	Y4460	13	25	17	11	12	13	11	17	16	15	20	32	11	10	15	18	18	10
131748	Y4460	13	24	15	10	13	13	11	19	17	15	20	31	10	10	15	19	18	10
209633	Y4460	13	24	15	11	13	13	11	18	17	15	20	31	10	10	15	19	17	10
N20519	Y4460	13	24	16	10	13	13	11	19	16	15	20	32	10	10	15	20	18	10
759050	Y4460	13	24	16	10	13	14	11	18	16	14	20	0	10	10	15	20	18	10
E17504	Y4460	13	24	16	11	13	13	11	18	17	15	20	31	10	10	15	18	17	10
258311	Y4460	13	24	16	11	12	13	11	17	18	15	20	32	10	10	15	17	17	10
339815	Y4460	13	24	16	11	12	13	11	18	17	15	20	32	10	10	15	20	18	10
133995	Y4460	13	24	16	11	12	13	11	19	17	15	20	31	10	10	15	18	19	10
260672	Y4460	13	24	16	11	13	13	11	19	18	15	20	32	11	10	15	18	18	10
B9938	Y4460	13	24	16	11	12	13	11	19	17	14	20	31	10	10	15	18	19	10
188892	Y4460	13	24	15	11	13	13	11	18	17	15	20	31	10	10	15	17	18	10
344010	Y4460	13	25	16	11	13	13	11	18	17	15	19	32	10	10	15	18	18	10
485363	Y4460	13	23	15	11	13	14	11	18	17	15	20	32	10	10	15	17	18	10
482022	Y4460	13	23	16	10	12	13	11	17	17	15	20	32	10	10	14	18	20	10
240644	Y4460	13	23	17	11	13	13	11	18	17	15	20	33	10	10	15	17	18	11
231829	Y4460	13	24	15	10	13	13	11	18	17	15	20	33	10	10	15	17	19	10
417289	Y4460	13	24	15	11	13	13	11	19	17	15	20	31	10	10	15	18	17	10
371429	Y4460	13	24	15	11	13	13	11	19	17	15	20	31	10	10	15	18	20	10
93493	Y4460	13	24	16	10	12	13	11	18	17	15	20	30	10	10	15	18	17	10
180794	Y4460	13	24	16	10	12	13	11	18	18	15	20	32	10	9	15	18	18	10
N97830	Y4460	13	24	16	10	13	13	11	19	17	15	20	32	10	10	15	17	18	10
690519	Y4460	13	24	16	11	13	13	11	17	17	15	20	30	10	10	15	18	17	10
335465	Y4460	13	24	16	11	12	13	11	18	17	15	20	31	11	10	15	18	18	10
N116894	Y4460	13	24	16	11	12	13	11	19	17	15	21	32	10	10	15	18	18	10
395249	Y4460	13	24	16	11	13	13	11	18	17	15	20	32	10	10	16	19	18	10
353223	Y4460	13	24	16	11	13	13	11	19	17	15	20	32	10	10	16	18	18	10
219601	Y4460	13	24	16	11	14	13	11	17	17	15	20	32	10	10	15	18	18	10
133914	Y4460	13	24	16	11	13	13	11	18	17	15	20	33	10	12	15	18	21	10
217637	Y4460	13	24	16	11	13	13	11	19	17	15	20	32	10	10	15	17	18	10
432815	Y4460	13	24	17	11	14	13	11	19	17	15	20	32	11	11	15	18	19	10
N18656	Y4460	13	24	17	11	13	15	11	17	18	15	20	31	10	10	15	18	18	10
B260223	Y4460	13	25	16	11	13	13	11	17	17	15	20	31	10	10	15	18	18	10
IN29712	Y4460	13	24	15	11	12	13	11	17	17	15	20	31	10	10	15	18	18	10
N91716	Y4460	13	24	16	11	13	13	11	18	16	15	20	33	10	10	15	18	18	10
167859	Y4460	13	24	15	11	13	13	11	19	17	15	20	30	10	10	15	19	18	10
323968	Y4460	13	24	16	11	13	13	11	19	17	15	20	32	10	10	15	18	18	10
194673	Y4460	13	24	15	10	12	13	11	31	16	15	20	31	10	10	15	18	19	10
359901	Y4460	13	24	16	11	13	13	11	18	18	15	20	32	10	10	15	18	18	10
512462	Y4460	13	24	16	9	12	13	11	17	17	15	20	31	10	10	15	18	18	11
223712	Y4460	13	24	16	11	13	13	11	18	16	15	20	32	10	10	15	18	17	10
277827	Y4460	13	24	16	11	13	13	11	20	16	15	20	32	10	10	15	18	18	10
175944	Y4460	13	23	16	11	13	13	11	18	17	15	20	32	11	10	15	20	18	10
359235	Y4460	13	24	16	11	11	13	11	18	17	15	20	32	11	11	15	17	18	11
564141	Y4460	13	24	16	11	14	13	11	17	18	15	20	31	9	10	15	18	17	10
318578	Y4460	13	24	16	10	12	13	11	17	17	15	20	31	10	10	15	17	18	10
E8770	Y4460	13	24	16	11	13	13	11	18	17	15	20	31	10	10	15	16	18	10
266801	Z17855	12	24	16	11	13	14	11	19	17	15	20	31	10	10	15	16	19	10
373319	Z17855	13	24	15	10	13	13	11	19	18	15	20	32	10	10	15	18	19	10
134932	Z17855	13	24	15	10	13	13	11	19	17	15	20	31	10	10	15	16	18	10
372365	Z17855	13	24	15	11	12	13	11	18	17	15	21	32	10	10	15	17	19	10
118738	Z17855	13	24	15	11	13	13	11	19	18	15	21	31	10	10	14	17	18	11
IN20139	Z17855	13	24	15	11	13	13	11	17	16	15	20	32	10	10	15	17	19	10
B3660	Z17855	13	24	16	10	12	12	11	17	16	15	20	33	10	10	15	18	18	10
337088	Z17855	13	24	16	10	13	13	12	19	17	15	20	32	10	10	15	18	19	10
E7349	Z17855	13	24	16	11	12	13	11	20	16	15	20	31	10	10	16	17	19	10
571980	Z17855	13	24	16	11	11	13	11	18	17	15	20	32	10	10	15	18	18	10
N44688	Z17855	13	24	16	11	11	13	11	18	17	15	20	32	10	10	15	18	18	10
160062	Z17855	13	24	16	11	12	13	11	18	17	15	20	32	10	10	15	18	18	10
IN35905	Z17855	13	24	16	11	12	13	11	19	17	15	20	32	10	10	15	18	17	10
320857	Z17855	13	24	16	11	13	13	11	18	17	15	20	31	10	10	15	18	18	10
N112271	Z17855	13	24	16	11	13	13	11	18	18	15	20	32	10	10	15	19	18	10
157544	Z17855	13	24	16	11	13	13	11	19	17	15	20	32	10	10	15	17	20	10
593178	Z17855	13	24	16	11	13	13	11	19	17	15	20	32	10	10	15	17	20	10
524051	Z17855	13	24	16	11	13	13	11	19	17	15	20	33	10	10	15	19	18	10
726989	Z17855	13	24	16	11	13	13	11	19	17	15	20	33	10	10	15	19	18	10
IN10161	Z17855	13	24	16	11	12	13	11	17	17	15	20	31	10	10	15	18	19	10
360012	Z17855	13	24	16	11	13	13	11	19	17	15	20	32	10	10	15	18	18	10
N74085	Z17855	13	24	16	12	13	13	11	19	17	15	21	32	10	10	15	18	20	10
485836	Z17855	13	24	17	11	13	14	11	19	17	15	20	31	10	10	15	18	17	10
B5165	Z17855	13	24	17	11	12	14	11	17	17	15	20	32	10	10	15	18	19	10
216603	Z17855	14	24	16	11	13	13	11	19	17	14	20	32	10	10	15	18	19	10
125133	Z17855	13	24	15	11	12	14	11	19	17	15	20	32	10	10	15	19	18	10
6821	Z17855	13	24	16	11	13	13	11	18	17	15	20	33	10	10	15	16	18	10
587490	Z17855	13	24	16	11	13	13	11	19	17	15	20	33	10	10	16	18	18	10
B4749	Z17855	13	24	16	12	12	13	11	19	16	15	20	33	10	10	15	18	18	10
277823	Z17855	13	25	16	11	12	13	11	18	16	15	20	33	10	10	15	18	17	10
375959	Z17855	13	24	16	11	12	13	11	17	17	15	20	31	10	10	15	18	19	10
201151	Z17855	13	25	17	11	13	13	11	18	19	15	20	31	10	10	15	18	19	10
279530	Z17855	13	24	16	10	13	12	11	17	16	15	20	33	11	10	15	18	18	10
N71071	Z17855	13	24	16	11	12	13	11	18	17	15	20	33	10	10	15	17	18	10
690328	Z17855	13	25	16	10	12	13	11	17	17	15	20	32	10	11	15	18	18	10
381974	Z17855	13	24	16	10	13	13	11	18	17	15	21	31	10	10	15	17	19	10
